environment,file,label,inferred_state,confidence,correct,pitch,pitch_std,pitch_velocity,energy,speech_rate,spectral_centroid,duration,spectral_rolloff,spectral_bandwidth,zcr,low_band_ratio,low_mid_ratio,high_band_ratio,thickness_score,main_freq_velocity_mean,main_freq_jump_ratio,main_freq_smoothness,pitch_delta,energy_delta,speech_rate_delta,spectral_centroid_delta,thickness_score_delta,pitch_std_delta,pitch_velocity_delta,main_freq_velocity_mean_delta,main_freq_jump_ratio_delta,main_freq_smoothness_delta
outside,happy_1.wav,happy,tired,0.65,False,109.97926581529809,64.94589427785748,18.814126909688067,0.0756230279803276,2.9694398753354685,992.853271431012,4.714693877551021,1785.0392061121324,1491.4172317460932,0.037355909160539214,0.47013425827026367,0.29277971386909485,0.13253508508205414,0.5505889872484718,32.88321659482759,0.09359605911330049,0.01675100331530274,-13.2299378031759,0.0089730837692817,-0.31034679581128133,-78.54031860785881,0.11842809870799614,1.1129960974689865,8.900350692953419,-4.407682168609647,-0.036371599708196756,2.2740560576169078e-05
outside,happy_13.wav,happy,stressed,0.95,False,162.46441291880444,75.68101753655955,17.1685821451193,0.10601615160703659,3.4765221878224972,1053.8980046023755,6.328163265306123,1772.9398287259614,1278.4662817669173,0.05598421760531135,0.4865734279155731,0.2915559411048889,0.17744609713554382,0.433249720483692,45.68929173693086,0.09106239460370995,0.011527012785345896,39.25520930033045,0.039366207395990685,0.1967355166757474,-17.495585436495276,0.0010888319432162952,11.848119356171061,7.25480592838465,8.398392973493628,-0.0389052642177873,-0.0052012499693806745
outside,happy_14.wav,happy,stressed,0.95,False,179.1718101998797,86.12586037622427,19.773029905413033,0.1036839634180069,3.5555340557275543,1249.3824030382063,4.218775510204082,2238.8023963341348,1659.8631949503756,0.04836667239010989,0.4134097397327423,0.36764076352119446,0.1865437626838684,0.30988449090709197,37.85601265822785,0.09367088607594937,0.014011099529036805,55.96260658140571,0.03703401920696099,0.2757473845808045,177.98881299933555,-0.12227639763338372,22.292962195835777,9.859253688678384,0.5651138947906134,-0.03629677274554788,-0.0027171632256897654
outside,happy_15.wav,happy,happy,0.85,True,148.90747027419246,76.05242428466863,22.81758546092253,0.08567206561565399,3.6298497634684366,1223.0686158768272,5.23437641723356,1908.9756248271572,1566.781666073247,0.059008573008849555,0.4575786590576172,0.3047451376914978,0.19040732085704803,0.31216562116497587,46.588010204081634,0.10612244897959183,0.011458296720677656,25.69826665571847,0.019022121404608086,0.35006309232168675,151.67502583795635,-0.11999526737549981,12.219526104280142,12.903809244187881,9.2971114406444,-0.023845209841905413,-0.005269966034048914
outside,happy_16.wav,happy,happy,0.8,True,160.70496611084639,81.82492116246242,21.96970349057627,0.09118618071079254,4.266640866873065,1172.3657932990036,4.687528344671202,1921.785078898515,1516.602559817114,0.05615234375,0.35195815563201904,0.41643500328063965,0.18739810585975647,0.260782197068934,45.4869020501139,0.10933940774487472,0.011726260096079032,37.49576249237239,0.024536236499746636,0.9868541957263148,100.9722032601328,-0.17137869147154167,17.992022982073927,12.05592727384162,8.196003286676664,-0.020628251076622528,-0.005002002658647538
outside,happy_17.wav,happy,happy,0.95,True,140.26417422931726,70.99521330030448,20.48598853025336,0.0984225869178772,3.7101224929331003,896.7817321278778,5.390657596371882,1469.1097144916846,1234.7913476101417,0.04360582081545064,0.482852578163147,0.2721041440963745,0.17788159847259521,0.5333243659550587,43.7654702970297,0.09108910891089109,0.012173196324491766,17.05497061084327,0.03177264270683129,0.43033582178635044,-174.61185791099297,0.10116347741458304,7.162315119915995,10.57221231351871,6.474571533592467,-0.03887854991060616,-0.004555066430234804
outside,happy_18.wav,happy,stressed,0.95,False,156.04040212211615,89.61359564565737,15.294677687656142,0.09714902937412262,3.318498452012384,991.4200258027951,4.218775510204082,1650.3070537860576,1552.1515966096988,0.04373336624313187,0.46567976474761963,0.35945188999176025,0.1352645605802536,0.6041980188056223,37.55933544303797,0.10379746835443038,0.013725114521101492,32.831198503642156,0.030499085163076714,0.03871178086563409,-79.97356423607573,0.1720371302651466,25.78069746526888,5.3809014709214935,0.2684366796007396,-0.026170190467066867,-0.0030031482336250782
outside,happy_19.wav,happy,happy,0.95,True,137.9380489806638,76.33515835079278,25.894686385284565,0.08668128401041031,4.4912009124979635,1006.352758447562,4.453151927437641,1720.3571319580078,1513.0456655627743,0.040326436360677086,0.5236549377441406,0.2543984353542328,0.14335700869560242,0.5912836142301094,31.362410071942445,0.07194244604316546,0.017405584640408363,14.728845362189816,0.020031339799364403,1.2114142413512137,-65.0408315913088,0.15912272568963376,12.502260170404291,15.980910168549917,-5.928488691494788,-0.05802521277833178,0.0006773218856817934
outside,happy_2.wav,happy,happy,0.75,True,119.60506663077375,73.85110431712258,15.719021321901204,0.07438168674707413,3.3642207620481313,1425.1371085665,4.458684807256236,2607.9721401392485,1730.098476716878,0.06615831444300518,0.430863618850708,0.1910647451877594,0.2649976313114166,-0.11580821083042137,41.04766845703125,0.14322916666666666,0.012779607683457584,-3.604136987700244,0.007731742536028222,0.08443409090138143,353.74351852762925,-0.547969099370897,10.018206136734086,5.805245105166556,3.7567696935940162,0.013261507845169412,-0.003948655071268986
outside,happy_20.wav,happy,happy,0.75,True,169.3286278732257,84.53261168905026,15.510346765688567,0.10625559836626053,4.266640866873065,1243.101825971445,4.687528344671202,2183.061716816213,1730.8731390255011,0.05105681466584158,0.4206189811229706,0.33853331208229065,0.19422271847724915,0.27646806514191735,46.981776765375855,0.16173120728929385,0.011159093514732295,46.11942425475172,0.03960565415521462,0.9868541957263148,171.7082359325741,-0.15569282339855833,20.699713508661766,5.596570548953919,9.690878001938621,0.03176354846779661,-0.005569169239994275
outside,happy_21.wav,happy,happy,0.55,True,157.9438477390218,76.29843330222732,23.76940818661332,0.09899669885635376,3.6283355730466504,1327.6411399971485,4.960952380952381,2185.6201171875,1528.5937775695766,0.07356846889602804,0.41836288571357727,0.3325188457965851,0.19934527575969696,0.12983002349535233,54.98991935483871,0.1956989247311828,0.009884841068958218,34.73464412054781,0.032346754645307854,0.3485489018999006,256.24754995827766,-0.30233086504512335,12.465535121838833,13.85563196987867,17.699020591401478,0.06573126590968556,-0.006843421685768352
outside,happy_3.wav,happy,stressed,0.5,False,110.58320219257622,70.82150965342417,15.969360864225715,0.06838656216859818,3.4340445413486997,974.5418298761008,5.824036281179138,1697.0909331424302,1403.9277076807405,0.040406732445219126,0.44228383898735046,0.3147832453250885,0.14924414455890656,0.503985032961781,40.788442645958085,0.12375249500998003,0.013169062990303248,-12.626001425897769,0.0017366179575522694,0.15425787020194992,-96.85176016277,0.0718241444213053,6.988611473035682,6.055584647491067,3.4975438825208514,-0.00621516381151721,-0.0035591997644233223
outside,happy_4 from trash.wav,happy,happy,0.95,True,137.29079303426983,83.11629351095377,17.606561737069267,0.09433216601610184,4.202983936647663,1520.2866911362314,5.23437641723356,2805.9383426092368,2013.0531500051122,0.06521363384955753,0.4234735071659088,0.29127514362335205,0.21125678718090057,0.004352599197750995,50.27104591836735,0.1326530612244898,0.010667408367861978,14.081589415795833,0.02768222180505593,0.9231972655009133,448.8931010973606,-0.4278082893427247,19.283395330565277,7.692785520334619,12.980147154930116,0.0026854024029925594,-0.006060854386864592
outside,stressed_1.wav,stressed,happy,0.75,False,108.33784265323601,66.10753862138272,19.68173215185551,0.0817738026380539,4.425933360096347,1034.7681904467815,4.970702947845805,1854.3092523619187,1445.2739861910795,0.04283248546511628,0.48668017983436584,0.2127908319234848,0.18337030708789825,0.3924343289288377,27.318993684287385,0.09813084112149532,0.020659746568836276,-14.871360965237983,0.015123858427007988,1.1461466889495973,-36.62539959208925,-0.03972655961163801,2.274640440994226,9.767955935120861,-9.971905079149849,-0.03183681770000192,0.003931483814109706
outside,stressed_13.wav,stressed,stressed,0.95,True,140.66003091250028,72.83730962742021,20.594382570015973,0.07838129997253418,3.2969497607655502,1030.834954404807,5.156281179138322,1836.1159525644618,1358.189595779,0.04856756235986547,0.4598604738712311,0.3290095627307892,0.15847374498844147,0.4775393812801211,40.37267080745342,0.09730848861283643,0.01311091919240002,17.450827294026283,0.011731355761488274,0.01716308961880042,-40.558635634063876,0.04537849273964539,9.004411447031721,10.680606353281325,3.0817720440161835,-0.03265917020866081,-0.00361734356232655
outside,stressed_14.wav,stressed,stressed,0.95,True,162.84585064114682,80.18024513118291,9.565278169352045,0.10839011520147324,3.0814628482972135,959.3981393532025,4.218775510204082,1567.7828275240386,1459.8659850545823,0.04130000858516483,0.5466668605804443,0.2986212968826294,0.12157972902059555,0.735747024162479,41.35680379746835,0.13164556962025317,0.012973088661100696,39.63664702267283,0.04174017099042733,-0.1983238228495363,-111.99545068566829,0.30358613562200326,16.347346950794424,-0.3484980473826038,4.065905034031118,0.0016779107987559272,-0.0037551740936258744
outside,stressed_15.wav,stressed,happy,0.75,False,172.95526138918777,82.94508921538134,15.43728161441958,0.11087679862976074,3.8175207756232687,1131.6466885909374,4.453151927437641,1815.966796875,1471.7477635778148,0.04938507080078125,0.4150189459323883,0.3889363706111908,0.16839441657066345,0.42811657869607334,42.71582733812949,0.11270983213429256,0.012519373429435576,49.746057770713776,0.04422685441871484,0.5377341044765189,60.253098552066604,-0.0040443098444023495,19.112191034992854,5.523505397684932,5.4249285746922595,-0.017257826687204686,-0.004208889325290994
outside,stressed_16.wav,stressed,stressed,0.55,True,134.18922495472367,65.18060348770423,15.672875448320573,0.0829928070306778,3.4496245306633293,1164.357936784236,5.507845804988662,1897.7718577665441,1457.1795355444092,0.05804802389705882,0.46362462639808655,0.24958284199237823,0.23415036499500275,0.2322651091290649,34.520348837209305,0.10271317829457365,0.01562855625521584,10.980021336249678,0.01634286281963189,0.16983785951657948,92.96434674536522,-0.1998957794114108,1.3477053073157421,5.759099231585925,-2.770549926227929,-0.0272544805269236,-0.0010997064995107303
outside,stressed_17.wav,stressed,happy,0.95,False,151.4804356894469,78.47633211159072,15.036646778265107,0.09447009116411209,3.678138678338849,1030.3045859245883,6.7969160997732425,1811.5082724509386,1274.162888105547,0.05252939686433447,0.48326995968818665,0.2769640386104584,0.18801040947437286,0.41573992067159327,38.8907967032967,0.08791208791208792,0.013373179520741834,28.2712320709729,0.027820146953066185,0.3983520071920994,-41.08900411428249,-0.01642096786888242,14.643433931202232,5.122870561530458,1.599897939859467,-0.042055570909409326,-0.003355083233984736
outside,stressed_18.wav,stressed,stressed,0.85,True,144.1441987704669,79.24198591080957,10.309153923884562,0.07912921160459518,2.607391640866873,1265.2063680404513,4.218775510204082,2241.346153846154,1674.1790792851855,0.05258950034340659,0.4654894769191742,0.32179275155067444,0.16488786041736603,0.3560853507258993,24.68354430379747,0.060759493670886074,0.021724521760706324,20.934995151992894,0.012479267393549279,-0.6723950302798767,193.81277800158045,-0.07607553781457638,15.409087730421085,0.3953777071499136,-12.607354459639765,-0.06920816515061118,0.004996259005979754
outside,stressed_19.wav,stressed,stressed,0.95,True,150.85525823294427,80.38735740062869,13.311866454433396,0.09839749336242676,2.919280593123676,1184.45466915205,4.453151927437641,2176.087188720703,1637.634802799159,0.05538177490234375,0.43501007556915283,0.34960848093032837,0.16472113132476807,0.339018489997715,57.272931654676256,0.1630695443645084,0.009061564454052994,27.646054614470273,0.03174754915138085,-0.3605060780230738,113.06107911317918,-0.09314239854276068,16.554459220240197,3.3980902376987476,19.982032891239022,0.03310188554301116,-0.007666698300673576
outside,stressed_2.wav,stressed,tired,0.95,False,113.98860199304528,72.77101151912841,7.0683192594116715,0.06332474946975708,3.9375,998.5156397067777,5.333333333333333,1787.4899159307065,1448.083237176922,0.0352241847826087,0.4528732895851135,0.3048167824745178,0.1439393013715744,0.5283271254223366,15.66904105392157,0.054466230936819175,0.03363989435314974,-9.220601625428714,-0.0033251947412888255,0.6577133288532502,-72.87795033209306,0.09616623688186093,8.938113338739917,-2.845456957322977,-21.621857709515666,-0.07550142788467806,0.016911631598423172
outside,stressed_20.wav,stressed,stressed,0.95,True,153.02851922957453,72.90056249167188,18.77319971428186,0.08288871496915817,2.773316563467492,1521.9882300366385,4.687528344671202,2629.236081567141,1660.6059965228624,0.0882145343440594,0.44390633702278137,0.29112109541893005,0.20795117318630219,-0.0449180125615406,46.18095102505695,0.1480637813211845,0.01193596680820189,29.819315611100535,0.016238770758112267,-0.5064701076792577,450.5946399977677,-0.4770789011020163,9.067664311283387,8.85942349754721,8.890052261619715,0.018096122499687256,-0.00479229594652468
outside,stressed_3.wav,stressed,tired,0.95,False,102.2197243816785,74.05887103464075,12.585248894811304,0.05773518979549408,2.475233631745853,1208.4134679295605,6.464036281179139,2184.423828125,1578.0891959525159,0.05224434363799283,0.3756100535392761,0.2611418068408966,0.21143151819705963,0.0772013667990673,27.342520514838128,0.08093525179856115,0.01876156256561199,-20.98947923679549,-0.008914754415551826,-0.8045530394008966,137.0198778906897,-0.3549595217414084,10.225972854252255,2.671472678076656,-9.948378248599106,-0.0490324070229361,0.00203329981088542
outside,stressed_intense_1.wav,stressed,stressed,0.95,True,138.4113072562714,73.46969098756568,11.035470224016635,0.07894393801689148,2.64125386996904,1121.2675755555379,4.921904761904762,1842.866372162441,1313.3000132684044,0.057734651385613206,0.45537832379341125,0.33887386322021484,0.16314466297626495,0.41097555191533663,41.53674078091106,0.10412147505422993,0.01252797943777288,15.202103637797421,0.012293993805845574,-0.6385328011777096,49.87398551666706,-0.02118533662513905,9.636792807177194,1.1216940072819863,4.2458420174738265,-0.025846183767267314,-0.00420028331695369
outside,stressed_intense_2.wav,stressed,happy,0.9,False,144.02567146348832,76.51896671204746,21.34390477679001,0.08743900060653687,3.860294117647059,1136.3289180130653,4.921904761904762,1936.210776275059,1349.790333318772,0.05856611143867924,0.3755500018596649,0.3581296503543854,0.22327463328838348,0.19545826302581704,56.58554772234273,0.1561822125813449,0.009455778816999846,20.81646784501433,0.02078905639549096,0.580507446500309,64.93532797419448,-0.23670262551465865,12.686068531658968,11.43012856005536,19.294648958905498,0.02621455375984766,-0.007272483937726724
outside,stressed_intense_3.wav,stressed,stressed,0.95,True,168.20046510808675,76.2385632663565,17.432129109882272,0.11407744139432907,3.0476006191950464,1597.2532864980205,4.921904761904762,2567.5297575176887,1477.941531750292,0.10126308225235849,0.32907629013061523,0.390785276889801,0.22978372871875763,-0.2493961044408735,31.82619305856833,0.08893709327548807,0.016723091954284158,44.991261489612754,0.047427497183283165,-0.2321860519517034,525.8596964591497,-0.6815569929813492,12.405665085968003,7.518352893147624,-5.464705704868905,-0.04103056554600917,-5.1708004424125265e-06
outside,stressed_intense_4.wav,stressed,stressed,0.95,True,145.62212645179082,76.55656077178242,16.007953020193924,0.09177248924970627,3.1438406387485744,1192.263870920437,4.453151927437641,2016.943359375,1437.4697286336043,0.061335245768229164,0.31997841596603394,0.3933609127998352,0.23593750596046448,0.0788054983842974,55.58678057553957,0.15587529976019185,0.009647691134734298,22.412922833316827,0.025122545038660363,-0.13594603239817538,120.87028088156626,-0.3533553901561783,12.723662591393925,6.094176803459275,18.295881812102337,0.025907640938694604,-0.007080571619992272
outside,stressed_intense_5.wav,stressed,happy,0.7,False,146.9801313067347,73.75887758456217,16.902809070242682,0.10998628288507462,4.042080821248167,953.363002557553,4.453151927437641,1632.7102661132812,1299.5620513830243,0.0435943603515625,0.43667343258857727,0.3631021976470947,0.1674303114414215,0.5289060053787635,60.75764388489208,0.15827338129496402,0.00847729623157691,23.770927688260713,0.04333633867402871,0.7622941501014169,-118.03058748131775,0.09674511683828785,9.925979404173681,6.989032853508034,23.46674512145485,0.02830572247346677,-0.008250966523149661
outside,stressed_intense_6.wav,stressed,stressed,0.95,True,170.97912180940463,80.82170903092847,15.845560405163479,0.11458206176757812,3.3684006843734724,1096.9457979006438,4.453151927437641,1816.3593292236328,1259.3613826492308,0.060160319010416664,0.3964192271232605,0.3794960379600525,0.1813966929912567,0.31960133602216106,53.507194244604314,0.15347721822541965,0.009840243877198014,47.76991819093064,0.04793211755653222,0.08861401322672258,25.552207861773013,-0.11255955251831462,16.988810850539984,5.93178418842883,16.21629548116708,0.02350955940392241,-0.006888018877528556
outside,stressed_intense_7.wav,stressed,stressed,0.55,True,139.1438366725428,81.41472639551338,17.751372581683583,0.08784204721450806,3.5023993044525072,1179.1359873798267,5.4248526077097505,2125.897686298077,1473.0152675772658,0.05546582865918803,0.4404713213443756,0.24623851478099823,0.24517281353473663,0.15236249533204738,35.5714812992126,0.10039370078740158,0.015205618881059896,15.934633054068797,0.02119210300346215,0.22261263330575742,107.7423973409559,-0.2797983932084283,17.581828215124894,7.837596364948935,-1.7194174642246338,-0.029573958034095668,-0.0015226438736666743
outside,stressed_intense_8.wav,stressed,happy,0.95,False,144.6201784414158,70.89379504791076,13.270977746767864,0.13926221430301666,5.99636013722701,754.4747779243382,4.335963718820862,1342.1403691092914,1103.3803058130684,0.03289762282754011,0.5873010754585266,0.24162112176418304,0.10905652493238449,0.8723403562404588,29.03709975369458,0.08866995073891626,0.01837750457310588,21.410974822941796,0.07261227009197076,2.7165734660802605,-316.91881211453256,0.4401794676999831,7.060896867522267,3.3572015300332154,-8.253799009742654,-0.041297708082580986,0.0016492418183793114
outside,stressed_intense_9.wav,stressed,happy,0.95,False,156.68904999462333,77.95547567573605,14.438083969068591,0.11093555390834808,3.6393001980571533,1089.07150547024,5.770340136054422,2008.5549228162652,1588.8595635729218,0.04379823983433735,0.4987255036830902,0.2881564497947693,0.16007450222969055,0.4952893792724452,33.28993055555556,0.1,0.015719326897838958,33.47984637614934,0.04428560969730218,0.3595135269104035,17.67791543136923,0.06312849073196952,14.122577495347564,4.524307752333943,-4.000968207881677,-0.02996765882149724,-0.001008935856887612
outside,tired_1.wav,tired,tired,0.95,True,95.423732459197,55.56432097775816,8.113952236745087,0.04483910650014877,2.4136123241424605,1134.6062213674634,7.872018140589569,2007.4645278033088,1526.1820227336848,0.04886833639705882,0.38230904936790466,0.2922038733959198,0.2032846212387085,0.1897821333380042,34.141878111172566,0.08112094395280237,0.015288470058704807,-27.785471159276995,-0.021810837710897132,-0.8661743470042893,63.21263132859258,-0.24237875520247149,-8.268577202630333,-1.7998239799895615,-3.1490206522646673,-0.04884671486869488,-0.0014397926960217633
outside,tired_13.wav,tired,tired,0.65,True,140.63939048951138,66.99251085377706,12.611524589323608,0.07972608506679535,2.2412929363333407,935.3153662624234,6.2463945578231295,1629.3855794270833,1439.5086847566974,0.034351490162037035,0.5242966413497925,0.26400840282440186,0.1553683578968048,0.6475412867010071,24.23878205128205,0.05128205128205128,0.022052350732442962,17.430186871037392,0.013076140855749444,-1.0384937348134091,-136.07822377644743,0.2153803981605314,3.1596126733885725,2.6977483725889595,-13.052116712155183,-0.07868560753944596,0.005324087977716392
outside,tired_14.wav,tired,tired,0.9,True,126.30810640040717,64.2037806595432,15.083435430093486,0.06943128257989883,3.0775770187281126,1165.238821384403,7.148480725623583,2077.6744495738635,1696.4305043001602,0.047804002637987016,0.5776188969612122,0.20239339768886566,0.15905630588531494,0.5072764816001996,33.47714552238806,0.08656716417910448,0.015576160790682246,3.0989027819331767,0.0027813383688529286,-0.2022096524186372,93.84523134553228,0.07511559305972387,0.37088247915470873,5.1696592133588375,-3.8137532410491772,-0.04340049464239276,-0.0011521019640443244
outside,tired_15.wav,tired,happy,0.85,False,137.8159701336951,71.12404291846485,14.890315815193166,0.06447150558233261,3.758333825004425,1120.67900068348,6.917959183673469,1873.0273765205536,1539.0240400372513,0.049560546875,0.46016693115234375,0.3070099353790283,0.17096012830734253,0.41171869987541365,24.486400462962962,0.08024691358024691,0.02184648371221394,14.606766515221096,-0.0021784386287132945,0.4785471538576753,49.2854106446091,-0.020442188665062033,7.291144738076362,4.976539598458517,-12.804498300474272,-0.049720745241250336,0.00511822095748737
outside,tired_16.wav,tired,tired,0.95,True,135.0341673668352,66.6696186220213,13.068617977777812,0.05915519967675209,3.0820686900958467,1421.9853304889089,6.813605442176871,2690.1123046875,1839.2526920068585,0.05598460087159864,0.5236095786094666,0.22906619310379028,0.19254060089588165,0.22897387950588743,29.609130094043888,0.06739811912225706,0.018911125872542872,11.8249637483612,-0.007494744534293815,-0.1977179810509031,350.59174045003806,-0.20318700903458825,2.8367204416328136,3.154841761043164,-7.681768669393346,-0.06256953969924019,0.002182863117816302
outside,tired_17.wav,tired,stressed,0.6,False,147.09290285617865,61.44496349045498,13.94928547739847,0.08606302738189697,3.066666666666667,1033.4784768227967,7.5,1707.4230087799922,1294.6839770450326,0.0511758054373065,0.5240514874458313,0.25498420000076294,0.1747499406337738,0.5033314756102134,35.07290184921764,0.06970128022759602,0.014953928002268652,23.88369923770466,0.019413083170851067,-0.21312000448008295,-37.91511321607413,0.07117058706973772,-2.387934689933509,4.035509260663822,-2.217996914219597,-0.06026637859390123,-0.0017743347524579178
outside,tired_18.wav,tired,tired,0.95,True,126.2275353166369,64.95761553934884,13.168466276154026,0.061652570962905884,3.3391102436397904,1119.374440477802,5.390657596371882,1872.695543019045,1484.9288242789771,0.05292298149141631,0.5025936961174011,0.2509446442127228,0.16974633932113647,0.4139978875389106,19.21410891089109,0.04950495049504951,0.026564414752737478,3.0183316981629105,-0.004997373248140022,0.059323572493040544,47.98085043893116,-0.018163001001565093,1.1247173589603463,3.254690059419378,-18.076789852546145,-0.08046270832644774,0.009836151998010908
outside,tired_19.wav,tired,stressed,0.6,False,141.94352808536559,61.87746431136946,10.578500032276793,0.08876463770866394,2.901315789473684,1270.7488685680614,5.859410430839002,2301.9249475049405,1696.1283169412025,0.05890254446640316,0.5270645618438721,0.23962190747261047,0.1978166103363037,0.3074556878348274,28.81659836065574,0.0546448087431694,0.018035845419969023,18.734324466891593,0.022114693497618035,-0.37847088167306575,199.35527852919063,-0.12470520070564828,-1.955433869019032,0.6647238155421444,-8.474300402781495,-0.07532285007832784,0.001307582665242453
outside,tired_2.wav,tired,tired,0.95,True,103.13513968627268,59.13267660734303,10.646439798483325,0.04794206842780113,2.2822997364586737,1034.2576947447126,5.696009070294784,1792.1577267530488,1378.6372969471101,0.043066009273373985,0.39537325501441956,0.3245677053928375,0.17771121859550476,0.3563152367447959,23.2470703125,0.07959183673469387,0.02218317224998279,-20.074063932201312,-0.018707875783244773,-0.9974869346880761,-37.13589529415822,-0.07584565179567976,-4.700221573045461,0.7326635817486764,-14.043828450937234,-0.05037582208680337,0.005454909495256219
outside,tired_20.wav,tired,stressed,0.55,False,145.9664374054111,68.2640880827369,14.862105129749056,0.07253152132034302,2.9225728065976955,1356.89535920508,6.158956916099773,2429.40673828125,1747.1752208530409,0.05765757166353384,0.44951552152633667,0.3214258551597595,0.17762261629104614,0.24377668050949713,38.019930675909876,0.08665511265164645,0.013895925309401461,22.75723378693712,0.005881577109297112,-0.35721386454905435,285.5017691662092,-0.18838420803097855,4.4311899023484145,4.948328913014407,0.7290319124726423,-0.043312546169850794,-0.002832337445325109
outside,tired_21.wav,tired,tired,0.95,True,127.79912646116286,60.66272334873796,11.46861117556373,0.053799744695425034,2.8904076124196365,1213.5888655709855,7.611383219954648,2091.7077785584984,1664.6375624082418,0.05749213986280488,0.5392506122589111,0.2190309315919876,0.17014357447624207,0.3795528232039317,22.911553295932677,0.07152875175315568,0.022596808042178593,4.589922842688864,-0.012850199515620872,-0.3893790587271133,142.1952755321147,-0.052608065336543997,-3.1701748316505274,1.5548349588290815,-14.379345467504557,-0.05843890706834157,0.005868545287452023
outside,tired_3.wav,tired,tired,0.95,True,104.87357860623086,56.80770680428063,8.355905379892642,0.04988764971494675,3.4215222282566526,945.2624239090136,5.845351473922903,1647.119140625,1424.2761087483589,0.03220718625992063,0.4817889630794525,0.26818493008613586,0.144944965839386,0.5844765677633513,15.240199428429424,0.0636182902584493,0.03352855479071787,-18.335625012243128,-0.01676229449609916,0.14173555710990282,-126.1311661298572,0.15231567922287564,-7.025191376107863,-1.5578708368420067,-22.05069933500781,-0.06634936856304795,0.016800292035991298
cafe,happy_1.wav,happy,tired,0.95,False,106.14709639430588,48.11819451388128,18.251686923042648,0.03845902904868126,4.591406469614467,1177.558406059446,4.3559637188208615,2437.2035249750666,1634.758743943482,0.03861317736037234,0.533967137336731,0.1993943750858307,0.21463389694690704,0.35934561919391755,25.965073529411764,0.09558823529411764,0.019394690286572036,-45.99848205507085,-0.04118369581798713,-0.03394148637885941,-199.35404032263568,0.17387691165048105,-8.972726520143645,-6.00420954092224,-23.74550507235919,-0.08541143640886564,0.0076734353321255295
cafe,happy_13.wav,happy,happy,0.8,True,171.93534802705292,75.7569706839661,24.525140174317716,0.10746992379426956,5.790441176470588,1470.2317805896278,3.2812698412698413,2733.731122084067,1858.5842689235546,0.06127585827464789,0.486880898475647,0.2827583849430084,0.19018720090389252,0.18074262022733806,32.675081433224754,0.09446254071661238,0.016137325475616027,19.789769577676196,0.027827198927601174,1.165093220477261,93.31933420754604,-0.004726087316098443,18.66604964994118,0.26924371035282846,-17.0354971685462,-0.0865371309863709,0.00441607052116952
cafe,happy_14.wav,happy,happy,0.95,True,162.31464652246194,68.22083566367718,27.558150537009496,0.10070298612117767,5.451818885448916,1275.3608413599518,4.218775510204082,2409.944035456731,1719.7560374119807,0.048219114869505496,0.4277699291706085,0.3625261187553406,0.18019327521324158,0.3129671785827751,44.798259493670884,0.1518987341772152,0.011890323834025867,10.169068073085214,0.021060261254509285,0.8264709294555894,-101.55160502212993,0.12749847103933862,11.129914629652255,3.302254073044608,-4.912319108100071,-0.02910093752576809,0.00016906887957936038
cafe,happy_15.wav,happy,stressed,0.75,False,164.32054962153612,70.0468626431032,22.971755471963732,0.11663848906755447,3.7101224929331003,1319.2178643197271,5.390657596371882,2326.5101093079397,1674.6887221480897,0.05447374597639485,0.4322878420352936,0.3265233635902405,0.20427989959716797,0.22509775437229568,47.524752475247524,0.17227722772277226,0.011320850074545776,12.174971172159388,0.036995764200886086,-0.9152254630602266,-57.694582062354584,0.03962904682885918,12.955941609078273,-1.2841409920011557,-2.1858261265234304,-0.00872244398021102,-0.00040040487990073044
cafe,happy_16.wav,happy,tired,0.95,False,154.9016565410386,68.1527212457095,19.86048585737627,0.10519469529390335,3.5246163682864453,1295.219421930269,5.390657596371882,2408.0682713586375,1727.7934160765526,0.05221256370708154,0.38082054257392883,0.385337233543396,0.20139455795288086,0.20153597060576073,41.21287128712871,0.13465346534653466,0.012880472283983747,2.7560780916618626,0.025551970427234963,-1.1007315877068815,-81.69302445181279,0.016067263062324227,11.061800211684577,-4.395410606588619,-8.497707314642241,-0.04634620635644862,0.00115921732953724
cafe,happy_17.wav,happy,happy,0.85,True,164.66136903976394,69.91343973097337,18.559026305617408,0.11994590610265732,5.0195774904389,1203.2712886708382,3.9843990929705217,2218.0451149164246,1708.9305951093952,0.044002089389534885,0.43064919114112854,0.3552722632884979,0.1898106187582016,0.3598941354238577,46.30948391420912,0.18498659517426275,0.01149418628229119,12.515790590387212,0.04030318123598893,0.3942295344455733,-173.64115771124352,0.17442542788042117,12.822518696948443,-5.69687015834748,-3.4010946875618373,0.003986923471279463,-0.0002270686721553162
cafe,happy_18.wav,happy,stressed,0.6,False,174.61674779435722,69.61488051876633,16.988741352706477,0.11976666003465652,4.940321003747759,1281.2142693358662,4.453151927437641,2304.389190673828,1666.5796289883847,0.052889506022135414,0.393390417098999,0.4024984836578369,0.18182051181793213,0.2792194699573914,47.66187050359712,0.14388489208633093,0.011445649501058414,22.471169344980495,0.04012393516798814,0.3149730477544326,-95.6981770462155,0.09375076241395489,12.523959484741404,-7.267155111258411,-2.048708098173833,-0.037114779616652355,-0.00027560545338809264
cafe,happy_19.wav,happy,happy,0.95,True,169.091490634956,64.29431414344197,17.46881058859327,0.12720437347888947,6.666626354489164,1466.4280989152298,3.7500226757369615,2785.492621527778,1908.4936340003703,0.05980541087962963,0.4568067193031311,0.2882218360900879,0.21624505519866943,0.10273533484353187,39.66346153846154,0.15954415954415954,0.013502923624088252,16.94591218557926,0.04756164861222108,2.0412783984958374,89.51565253314811,-0.08273337269990463,7.203393109417043,-6.787085875371616,-10.047117063309415,-0.021455512158823742,0.001781668669641745
cafe,happy_2.wav,happy,happy,0.8,True,135.9121649683752,70.25662953920475,29.693843208971202,0.040536899119615555,6.399961300309597,1882.7198258660965,3.2812698412698413,4144.155926771567,2213.647612940262,0.07571797975352113,0.4027456045150757,0.193376362323761,0.34758421778678894,-0.5831947287553952,49.0889657980456,0.20846905537459284,0.010780674056360729,-16.23341348100152,-0.03910582574705283,1.7746133443162702,505.80737948401475,-0.7686634362988317,13.165708505179829,5.437946745006315,-0.6216128037253554,0.02746938367160956,-0.0009405808980857775
cafe,happy_20.wav,happy,stressed,0.95,False,170.13885744254,71.53419700642957,11.491447123189815,0.1230388879776001,4.5036764705882355,1391.4603079998915,4.218775510204082,2791.5668194110576,1837.9680663285358,0.05337021377060439,0.4229079782962799,0.34494346380233765,0.20489266514778137,0.16076646512820109,45.62895569620253,0.18227848101265823,0.011790251721126133,17.993278993163273,0.04339616311093171,-0.12167148540509132,14.547861617809758,-0.024702242415235415,14.443275972404642,-12.764449340775073,-4.081622905568423,0.0012788093096749442,6.899676667962602e-05
cafe,happy_21.wav,happy,happy,0.7,True,183.91100722249365,73.34605312066093,28.4406450535756,0.12878085672855377,5.079334365325077,1336.0145587690808,4.921904761904762,2387.6970399100824,1623.4427634122544,0.06517863723466981,0.4017653167247772,0.3229402005672455,0.2427019327878952,0.05679871342642828,70.97342733188721,0.21475054229934923,0.007517990571867803,31.765428773116923,0.049138131861885384,0.4539864093317503,-40.897887613000876,-0.12866999411700822,16.255132086636003,4.184748589610713,21.262848730116254,0.033750870596365945,-0.004203264382578704
cafe,happy_3.wav,happy,happy,0.55,True,140.25281692441123,67.04686023498559,25.571386334133397,0.04943794012069702,5.579453441295547,1485.524189969453,3.046893424036281,3040.1783336292615,1925.8777013285232,0.05577503551136364,0.4691658914089203,0.20798073709011078,0.28132447600364685,-0.04941811593203971,31.99013157894737,0.14385964912280702,0.01675707768955891,-11.892761524965493,-0.030204784745971366,0.95410548530222,108.61174358737117,-0.2348868234754762,9.955939200960664,1.3154898701685092,-17.720447022823585,-0.03714002258017626,0.005035822735112402
cafe,stressed_1.wav,stressed,tired,0.95,False,100.53819508595498,44.25356527020447,17.67450953470127,0.0432140938937664,5.333301083591331,1146.2672423026777,3.7500226757369615,2179.3063693576387,1628.6080021752985,0.04136827256944445,0.543069064617157,0.21089443564414978,0.1925877034664154,0.43811564106341583,23.771367521367523,0.07407407407407407,0.02130492676431425,-51.60738336342175,-0.036428630972901985,0.707953127598004,-230.64520407940404,0.25264693351997936,-12.837355763820455,-6.581386929263619,-25.93921108040343,-0.10692559762890921,0.009583671809867743
cafe,stressed_13.wav,stressed,happy,0.6,False,188.88763975227837,68.16160537567707,25.426138378210048,0.11347732692956924,5.0666360294117645,1627.3855173683085,3.7500226757369615,3057.11669921875,1792.4189162883806,0.08665485146604938,0.3527540862560272,0.38675257563591003,0.22819867730140686,-0.1994783622325127,76.18856837606837,0.23646723646723647,0.006945951812459301,36.74206130290165,0.033834602062900856,0.4412880734184377,250.47307098622673,-0.38494706977594917,11.070684341652147,1.1702419142451603,26.47798977429742,0.055467564764253185,-0.004775303141987206
cafe,stressed_14.wav,stressed,happy,0.9,False,181.88375190539065,83.24831708098934,36.06602321115758,0.13342039287090302,5.333301083591331,1687.1888920374388,3.7500226757369615,3188.774956597222,1908.6233925420072,0.08069902584876543,0.2968650758266449,0.43512243032455444,0.24062149226665497,-0.26427420144986746,82.19818376068376,0.27350427350427353,0.0065298507462686565,29.738173456013925,0.05377766800423463,0.707953127598004,310.27644565535707,-0.44974290899330394,26.157396046964415,11.81012674719269,32.48760515891281,0.09250460180129025,-0.00519140420817785
cafe,stressed_15.wav,stressed,stressed,0.95,True,185.15411024872523,72.6954485509731,33.303422981635876,0.11207115650177002,4.406516753423484,1774.5336857461896,4.765668934240363,3303.0992822739686,1858.2894622493734,0.0950560338288835,0.36774101853370667,0.3160487413406372,0.27014607191085815,-0.3984798618125816,76.88130605381166,0.25112107623318386,0.006929474109363063,33.0085317993485,0.03242843163510163,-0.21883120256984245,397.62123936410785,-0.5839485693560181,15.604527516948174,9.047526517670988,27.1707274520407,0.07012140453020058,-0.004791780845083444
cafe,stressed_16.wav,stressed,happy,0.7,False,194.8141006724607,70.43211907179862,26.817675708697266,0.12052365392446518,5.119969040247678,1473.0357895225131,4.101587301587301,2767.1382580773306,1744.9771306045268,0.07150975459039548,0.3483208417892456,0.3930279016494751,0.22708390653133392,-0.05685695408961894,74.15771484375,0.2421875,0.007287620796358092,42.66852222308398,0.04088092905779679,0.4946210842543515,96.12334314043142,-0.24232566163305544,13.341198037773701,2.561779244732378,24.447136241979045,0.061187828297016716,-0.004433634158088414
cafe,stressed_17.wav,stressed,stressed,0.7,True,184.18168798487616,65.20571214941972,16.827555016961345,0.12261183559894562,5.180921052631579,1355.7600530140844,3.2812698412698413,2689.679041043134,1808.8580304500178,0.05499353543133803,0.4308490753173828,0.3611827790737152,0.18398220837116241,0.2288057092621627,57.86848534201955,0.22149837133550487,0.009104246975013528,32.036109535499435,0.04296911073227723,0.5555730966382519,-21.15239336799732,0.043337001718726204,8.114791115394802,-7.428341447003543,8.157906740248592,0.04049869963252159,-0.0026170079794329785
cafe,stressed_18.wav,stressed,stressed,0.95,True,199.78141895016003,72.9608840055628,18.780447378186857,0.13376539945602417,3.992650583160249,1337.0437164988064,4.257823129251701,2322.894287109375,1585.734331155217,0.06678042204483696,0.42244142293930054,0.3775012195110321,0.17812784016132355,0.22808382971789798,50.340695488721806,0.14786967418546365,0.010626740737897648,47.6358405007833,0.05412267458935578,-0.632697372833078,-39.868729883275364,0.04261512217446148,15.86996297153788,-5.475449085778031,0.6301168869508516,-0.03312999751751963,-0.0010945142165488583
cafe,stressed_19.wav,stressed,stressed,0.95,True,191.2539936402053,71.5529013803728,21.89312536336052,0.11082013696432114,4.799970975232198,1387.0916873556537,3.7500226757369615,2526.9612630208335,1730.5947021078225,0.06899233217592593,0.4731464087963104,0.27578428387641907,0.2128915786743164,0.12609222334164272,69.57799145299145,0.19943019943019943,0.007527134648341678,39.108415190828566,0.03117741209765275,0.17462301923887136,10.17924097357195,-0.05937648420179378,14.461980346347879,-2.362771100604366,19.8674128512205,0.01843052772721615,-0.004194120306104829
cafe,stressed_2.wav,stressed,tired,0.95,False,113.75166610348984,53.719214683730975,22.655130101766975,0.044014666229486465,5.24703292780868,1196.0967408672773,3.049342403628118,2387.3307661576705,1680.0633616772034,0.04434851444128788,0.5445380210876465,0.2089286893606186,0.20845189690589905,0.3719603063525326,41.94078947368421,0.19649122807017544,0.01247772325486244,-38.39391234588689,-0.03562805863718192,0.6216849718153528,-180.81570551480445,0.18649159880909608,-3.371706350293948,-1.6007663621979127,-7.769789128086742,0.015491556367192155,0.0007564683004159332
cafe,stressed_20.wav,stressed,happy,0.95,False,164.90845468058728,68.16434151408171,22.186467307498297,0.09622617810964584,5.389441094997556,1285.0155584482543,4.453151927437641,2448.7850189208984,1804.9230596724246,0.049540201822916664,0.46867725253105164,0.29808950424194336,0.2043103277683258,0.2799493342147629,58.50944244604317,0.20623501199040767,0.009033892024902922,12.762876231210555,0.016583453242977456,0.7640931390042294,-91.89688793382743,0.09448062667132642,11.07342048005679,-2.0694291564665903,8.798863844272212,0.025235340287424385,-0.002687362929543585
cafe,stressed_21.wav,stressed,stressed,0.7,True,174.52014136458854,67.06308675849353,20.043667486756842,0.11099874973297119,4.302480999814632,1374.30428373173,4.648480725623583,2512.903378614739,1696.7171990649026,0.06824034126243782,0.499286413192749,0.2605455815792084,0.2001355141401291,0.18091652475504144,43.911637931034484,0.17011494252873563,0.011881377856561107,22.37456291521181,0.031356024866302803,-0.32286695617869476,-2.6081626503516873,-0.004552182788395059,9.972165724468603,-4.212228977208046,-5.798940670736471,-0.010884729174247654,0.00016012290211460042
cafe,stressed_3.wav,stressed,tired,0.95,False,143.69125927915834,57.34757388378604,19.734165258066447,0.03842945024371147,4.62219427244582,1308.0794374587238,2.812517006802721,2460.16845703125,1614.7719907887556,0.05412717725409836,0.5138852000236511,0.18981866538524628,0.24890999495983124,0.1668699726586238,33.2402566539924,0.13307984790874525,0.016243843653004842,-8.454319170218383,-0.041213274622956916,-0.0031536835475067804,-68.83300892335797,-0.0185987348848127,0.25665284976111735,-4.5217312058984405,-16.470321947778558,-0.04791982379423804,0.0045225886985583354
cafe,stressed_intense_1.wav,stressed,tired,0.65,False,175.51109015194487,70.20266428647693,15.71967197210767,0.08476675301790237,4.144736842105264,1355.534792962722,4.101587301587301,2469.140625,1741.9954424668545,0.0608448093220339,0.46507638692855835,0.3290141224861145,0.17049682140350342,0.2704993161092369,52.3681640625,0.1640625,0.010122601085602714,23.365511702568142,0.005124028151233986,-0.4806111138880631,-21.37765341935983,0.08503060856580039,13.111743252452008,-8.536224491857217,2.6575854607290452,-0.016937171702983284,-0.0015986538688437923
cafe,stressed_intense_2.wav,stressed,stressed,0.95,True,180.0467544130389,84.92900027775978,21.277105303459212,0.09806524217128754,3.7925696594427243,1293.0511058979914,4.218775510204082,2357.530799278846,1709.2032887193357,0.05611478365384615,0.37618571519851685,0.43571168184280396,0.1619592308998108,0.2793907283499026,68.11708860759494,0.22025316455696203,0.007922792985613545,27.901175963662183,0.01842251730461915,-0.8327782965506025,-83.8613404840903,0.09392202080646608,27.83807924373486,-2.9787911605056756,18.406510005823982,0.03925349285397875,-0.0037984619688329613
cafe,stressed_intense_3.wav,stressed,stressed,0.75,True,176.12338561572142,70.16202920924204,22.31808919385904,0.08965589851140976,3.592960729998371,1466.0653242589578,4.453151927437641,2323.3428955078125,1562.786759147304,0.09212493896484375,0.45314767956733704,0.33361613750457764,0.17602573335170746,0.08635336917397285,45.80710431654676,0.18465227817745802,0.011882404187404936,23.97780716634469,0.010013173644741372,-1.032387225994956,89.15287787687612,-0.09911533836946365,13.071108175217113,-1.9378072701058464,-3.903474285224192,0.00365260647447474,0.00016114923295842964
cafe,stressed_intense_4.wav,stressed,stressed,0.55,True,163.6080603463961,73.44071122389676,21.61435122067671,0.08528254181146622,4.053308823529411,1241.6308403918877,4.687528344671202,2089.040503171411,1527.9830921124212,0.06353941058168316,0.37779662013053894,0.4013867676258087,0.18588893115520477,0.22421514637362389,61.930523917995444,0.25740318906605925,0.00885398505131976,11.462481897019359,0.005639816944797829,-0.5720391324639156,-135.28160599019407,0.038746438830187385,16.349790189871833,-2.641545243288178,12.21994531622449,0.07640351736307596,-0.0028672699031267474
cafe,stressed_intense_5.wav,stressed,stressed,0.95,True,191.14906909050697,80.22377328682283,23.391287603501883,0.11776445060968399,4.5510835913312695,1193.4982005229126,3.515646258503401,2119.6746826171875,1572.5389009157764,0.053739848889802634,0.42179352045059204,0.37662211060523987,0.18682576715946198,0.3363495865872659,70.52621580547113,0.2127659574468085,0.0076016877832707835,39.00349064113024,0.0381217257430156,-0.07426436466205733,-183.4142458591691,0.15088087904382938,23.13285225279791,-0.8646088604630044,20.81563720370017,0.03176628574382523,-0.004119567171175723
cafe,stressed_intense_6.wav,stressed,stressed,0.95,True,202.62933380830208,76.62964167300949,31.954717003818836,0.12127762287855148,4.799970975232198,1267.107941673289,3.7500226757369615,2169.2708333333335,1467.1834509030318,0.06705729166666667,0.37304091453552246,0.40653982758522034,0.20188824832439423,0.17217447301425726,62.29967948717949,0.18518518518518517,0.008338296605122097,50.48375535892535,0.041634898011883095,0.17462301923887136,-109.80450470879282,-0.013294234529179244,19.538720638984564,7.698820539853948,12.589100885408534,0.004185513482201891,-0.00338295834932441
cafe,stressed_intense_7.wav,stressed,stressed,0.95,True,191.37746214328098,71.82333470069595,27.176772861710692,0.10116874426603317,3.5555340557275543,1415.5400535964843,4.218775510204082,2488.6822040264424,1560.1183035727763,0.07484385731456043,0.3693796992301941,0.3319947421550751,0.25541356205940247,-0.08667304580832857,69.30379746835443,0.22784810126582278,0.007834179840656957,39.23188369390425,0.021526019399364785,-1.0698139002657725,38.62760721440259,-0.27214175335176505,14.732413666671029,2.920876397745804,19.593218866583477,0.046848429562839494,-0.003887075113789549
cafe,stressed_intense_8.wav,stressed,happy,0.6,False,188.00282108294857,66.69322228872291,21.80940671076605,0.11566967517137527,5.599966137770898,1268.9800838929611,3.7500226757369615,2436.176215277778,1628.4309763980687,0.05131474247685185,0.40187588334083557,0.34457793831825256,0.23557177186012268,0.1667817647308778,53.81944444444444,0.20512820512820512,0.00969738949738084,35.85724263357184,0.03602695030470689,0.9746181817775712,-107.93236248912058,-0.0186869428125587,9.602301254697984,-2.4464897531988363,4.108865842673488,0.024128533425221838,-0.0020238654570656663
cafe,stressed_intense_9.wav,stressed,stressed,0.95,True,196.63683960029047,76.12645111033999,26.25123799641807,0.12328901141881943,4.654517309316071,1642.7024238004328,5.156281179138322,3236.063840036435,1875.9528660309338,0.0800846938060538,0.37478524446487427,0.31923964619636536,0.27239036560058594,-0.273204235030109,74.38858695652173,0.2360248447204969,0.007393438898193536,44.49126115091374,0.04364628655215104,0.02916935332274395,265.7899774183511,-0.4586729425735455,19.035530076315062,1.9953415324531818,24.67800835475078,0.05502517301751361,-0.004327816056252971
cafe,tired_1.wav,tired,tired,0.95,True,90.30238498331258,40.93193203169681,15.982556479608224,0.04068255051970482,6.274471863048625,1290.6219447016765,3.9843990929705217,2641.8861566587934,1857.8700471097668,0.035684275072674417,0.5571994185447693,0.1859068125486374,0.20905070006847382,0.361654778193373,13.132540214477212,0.03753351206434316,0.03863003563153488,-61.84319346606415,-0.03896017434696357,1.6491239070552979,-86.29050168040521,0.1761860706499365,-16.158989002328113,-8.273339984356664,-36.578038387293745,-0.14346615963864012,0.02690878067708837
cafe,tired_14.wav,tired,tired,0.95,True,179.46330097926997,67.63727626275566,22.816395557156234,0.07870201766490936,3.8787644244300594,1716.3128951324525,5.156281179138322,3472.5911093399664,2138.792437215661,0.07081391886210762,0.5130484104156494,0.25252193212509155,0.19329483807086945,0.004422239306014819,30.036878881987576,0.10973084886128365,0.01725909000373738,27.317722529893246,-0.0009407072017590251,-0.7465835315632674,339.40044875037074,-0.18104646823742168,10.54635522873074,-1.4395009068086537,-19.67369971978338,-0.07126882284169964,0.005537835049290873
cafe,tired_15.wav,tired,tired,0.85,True,170.33402689964805,65.39615533565873,19.828058635001057,0.06701165437698364,4.62219427244582,1720.9251939183189,5.625034013605442,3494.8034215856483,2068.638886589934,0.07999373070987655,0.5067024230957031,0.2956613004207611,0.1672649383544922,0.0199293483105748,63.68595825426945,0.21821631878557876,0.00843568889788767,18.188448450271324,-0.012631070489684745,-0.0031536835475067804,344.01274753623716,-0.1655393592328617,8.30523430163381,-4.427837828963831,13.975379652498496,0.03721664708259548,-0.003285566056558836
cafe,tired_16.wav,tired,tired,0.95,True,153.7350232857975,63.10251772024166,24.263581421111574,0.05151977017521858,4.133333333333334,1878.1837643142112,7.5,3666.411163046633,2102.812293761367,0.09943099361455109,0.5295290946960449,0.227455735206604,0.19720393419265747,-0.19629197886906963,70.84592816500711,0.19487908961593173,0.007454544006498833,1.5894448364207676,-0.028122954691449806,-0.4920146226599931,501.2713179321295,-0.38176068641250616,6.011596686216734,0.0076849571466866,21.135349563236154,0.013879417912948444,-0.004266710947947673
cafe,tired_17.wav,tired,tired,0.85,True,172.92348954736303,52.354561253211294,20.756818825204398,0.06091964617371559,5.296519696807943,1706.2031060747452,6.7969160997732425,3418.1571465710326,2095.161142268202,0.07569192619453925,0.5232276320457458,0.25762438774108887,0.1818486601114273,0.026785973760346693,51.474195447409734,0.1554160125588697,0.010208657495327553,20.777911097986305,-0.018723078692952796,0.6711717408146161,329.29065969266344,-0.1586827337830898,-4.736359780813629,-3.4990776387604896,1.7636168456387793,-0.02558365914411359,-0.0015125974591189539
cafe,tired_18.wav,tired,tired,0.95,True,177.09702043470168,57.66179017996464,14.354044784793016,0.08634340763092041,4.266640866873065,1168.0050919406176,4.687528344671202,2006.9584912592823,1673.8663013721182,0.051663540377475246,0.5947993993759155,0.26119765639305115,0.1219877377152443,0.6382597170253379,29.1500569476082,0.0979498861047836,0.01776952860544192,24.951441985324948,0.006700682764252022,-0.35870708912026217,-208.90735444146412,0.45279100948190143,0.5708691459397173,-9.901851679171871,-20.560521654162756,-0.08304978559819969,0.006048273650995412
cafe,tired_19.wav,tired,tired,0.85,True,188.19718252721674,63.67094368952839,22.993393838609897,0.08497623354196548,4.266640866873065,1415.3732585544683,6.562539682539683,2584.7833100982775,1744.3644690601236,0.06650114564929328,0.5270652174949646,0.2790336608886719,0.16742931306362152,0.2828632212730693,62.34756097560975,0.1902439024390244,0.008527230021682635,36.05160407784001,0.005333508675297097,-0.35870708912026217,38.46081217238657,0.09739451372963279,6.58002265550347,-1.2625026253549905,12.636982373838798,0.009244230736041109,-0.0031940249327638715
cafe,tired_2.wav,tired,tired,0.95,True,125.63102905448757,51.77111929413982,23.052356630146292,0.028956228867173195,4.063467492260062,840.0635543646464,4.921904761904762,1481.321860259434,1278.2304450681377,0.032318691037735846,0.6139963269233704,0.16303402185440063,0.1752171814441681,0.7336449000338157,32.28375813449024,0.13232104121475055,0.01662393982856562,-26.51454939488916,-0.05068649599949519,-0.5618804637332646,-536.8488920174353,0.5481761924903792,-5.319801739885101,-1.2035398338185956,-17.426820467280713,-0.04867863048823273,0.004902684874119113
cafe,tired_20.wav,tired,tired,0.75,True,188.73859550667265,61.77501102386449,18.066912722208908,0.07774312049150467,4.758945582281496,1586.275972163603,6.093786848072562,3044.6147962214827,1957.3482964702828,0.07570958590779468,0.5113850235939026,0.23775364458560944,0.20661099255084991,0.025083454640307257,51.964754816112084,0.17162872154115585,0.009941463095588476,36.593017057295924,-0.0018996043751637187,0.13359762628816885,209.36352578152128,-0.16038525290312924,4.684089989839563,-6.18898374175598,2.254176214341129,-0.00937095016182743,-0.0017797918588580309
cafe,tired_21.wav,tired,tired,0.75,True,167.9859876790103,53.71391291296866,15.284042334553254,0.08513399958610535,4.479972910216718,1632.1907478020023,4.687528344671202,3352.1440864789606,2084.8960111394326,0.06934077196782178,0.5470230579376221,0.22571946680545807,0.18903295695781708,0.08371649887459737,52.480780182232344,0.17995444191343962,0.009920963556597483,15.840409229633565,0.005491274719436959,-0.14537504577660876,255.27830141992058,-0.10175220866883913,-3.3770081210562637,-8.971854129411634,2.7702015804613893,-0.0010452297895436613,-0.0018002913978490236
cafe,tired_22.wav,tired,tired,0.95,True,160.96514387010882,57.06382347497146,17.614077522386953,0.0747540295124054,3.9207175169312034,1520.952983056654,8.6718820861678,3022.018089906417,2045.9523103004644,0.06123751880013369,0.5147542357444763,0.25383439660072327,0.1840096414089203,0.16196965415059883,45.489532019704434,0.15147783251231528,0.011489784841028165,8.81956542073209,-0.004888695354262992,-0.7046304390621234,144.0405366745722,-0.02349905339283767,-0.027097559053466114,-6.6418189415779345,-4.221046582066521,-0.029521839190668003,-0.00023147011341834167
cafe,tired_3.wav,tired,tired,0.95,True,144.7001930027405,55.72534220172026,24.80876703880672,0.04364250972867012,5.404411764705882,857.9188237111051,3.515646258503401,1398.383210834704,1362.2881096429467,0.031468441611842105,0.6331465244293213,0.19445379078388214,0.13618259131908417,0.8597311323244473,25.075987841945288,0.09422492401215805,0.021431517562164874,-7.445385446636237,-0.03600021513799827,0.7790638087125554,-518.9936226709766,0.6742624247810108,-1.3655788323046636,0.5528705748418332,-24.634590759825667,-0.08677474769082523,0.009710262607718368
cafe,tired_4.wav,tired,tired,0.95,True,125.71286690483933,53.685990281946275,29.13713685199603,0.03143605589866638,3.1999806501547985,1250.8301140254448,4.687528344671202,2185.6201171875,1558.9873301500468,0.057336788366336634,0.5419347882270813,0.12104897946119308,0.2743639349937439,0.1447119375286408,27.601793849658314,0.1275626423690205,0.019232510847103187,-26.432711544537398,-0.048206668968002006,-1.4253673058385283,-126.08233235663693,-0.04075677001479569,-3.4049307520786485,4.8812403880311415,-22.10878475211264,-0.05343702933396277,0.007511255892656681
