file,environment,sr_original,duration,pitch_mean,pitch_std,energy_rms,speech_rate,spectral_centroid,spectral_rolloff,spectral_bandwidth,zcr,b1_80_500,b2_500_1k,b3_1k_2k,b4_2k_4k,b5_4k_8k,mfcc_1,mfcc_2,mfcc_3,mfcc_4,mfcc_5,mfcc_6,mfcc_7,mfcc_8,mfcc_9,mfcc_10,mfcc_11,mfcc_12,mfcc_13,label
baseline_1.wav,cafe,,5.572,190.1315541128287,55.781979164715196,0.037736184895038605,7.537350262461303,1193.1815895253906,2339.151785714286,1525.7815706766194,0.06599609375,0.5502365231513977,0.1446654498577118,0.07992824912071228,0.07141047716140747,0.13534225523471832,-283.3169250488281,122.09131622314453,29.985563278198242,28.28847312927246,7.6581597328186035,6.689403057098389,-16.659034729003906,-7.919308185577393,-11.29938793182373,-1.2850453853607178,-4.634045124053955,-3.607076644897461,-5.208057880401611,baseline
baseline_10.wav,cafe,,7.148,155.3410238956512,78.63928311015086,0.05349058657884598,7.134426229508197,1044.6211724855496,1957.763671875,1290.3146451705559,0.06023515973772321,0.4964354634284973,0.15200486779212952,0.08992575109004974,0.04924941435456276,0.12238823622465134,-327.77642822265625,133.94236755371094,38.61175537109375,19.92039680480957,4.833424091339111,24.44583511352539,-2.545910358428955,4.956119060516357,0.045723218470811844,-4.95721435546875,-4.074661731719971,-3.8035857677459717,2.184727907180786,baseline
baseline_11.wav,cafe,,5.82,169.97463770141772,92.57244321285863,0.05021555349230766,5.497986577181208,810.1328118035684,1413.7620192307693,1153.109420106075,0.04137512877747253,0.5060777068138123,0.16949230432510376,0.10854413360357285,0.05303611233830452,0.0830749124288559,-361.12646484375,129.7169647216797,39.28932189941406,23.566476821899414,10.280333518981934,21.006816864013672,-1.782089114189148,7.382101058959961,4.941628456115723,-4.465246677398682,-4.582599639892578,-2.9646356105804443,0.5122838616371155,baseline
baseline_12.wav,cafe,,7.148,181.84438693853266,64.07463640627734,0.04252060502767563,6.1551912568306015,881.2234598421783,1545.2706473214287,1064.5714610171497,0.058757237025669644,0.5326897501945496,0.17423167824745178,0.09456497430801392,0.047690499573946,0.11774493008852005,-359.7503356933594,145.08444213867188,43.369224548339844,14.089231491088867,4.2016496658325195,13.300643920898438,-8.100005149841309,3.431288003921509,-3.96980881690979,-11.03156852722168,-9.876431465148926,-7.7353997230529785,-1.419362187385559,baseline
baseline_13.wav,cafe,,7.266,199.1460012489451,66.79311820280756,0.04628848284482956,6.744086021505376,827.2664893455984,1402.891995614035,1185.3815377207827,0.046163993969298246,0.5223263502120972,0.1694973260164261,0.13473214209079742,0.048341818153858185,0.08306465297937393,-346.4511413574219,142.84536743164062,36.899932861328125,11.461943626403809,4.489835739135742,18.387371063232422,-5.6550822257995605,0.3084988594055176,-0.6609364748001099,-8.89127254486084,-9.141952514648438,-6.8526997566223145,-0.5051121115684509,baseline
baseline_14.wav,cafe,,5.977,167.25065673796541,79.91386008464708,0.04576544836163521,6.69281045751634,1142.5087298839194,2100.76871657754,1305.6140727576058,0.07218206885026739,0.4314061999320984,0.16732750833034515,0.13246069848537445,0.07075878232717514,0.13571901619434357,-321.90924072265625,134.8417205810547,34.46876525878906,13.611592292785645,6.335521221160889,16.9201602935791,-5.811097621917725,3.7684686183929443,1.5137068033218384,-5.545774936676025,-5.527161121368408,-4.1289825439453125,-0.42503777146339417,baseline
baseline_15.wav,cafe,,6.094,200.8753818732928,77.31806308766934,0.04943614825606346,5.743589743589744,920.2526178941023,1752.3314790575917,1214.9997523468462,0.05334025278141361,0.5132927894592285,0.16420046985149384,0.12784342467784882,0.05941030755639076,0.09989188611507416,-346.3744201660156,130.17552185058594,39.8085823059082,22.193750381469727,4.226611137390137,13.926847457885742,-6.415323257446289,-0.7403745055198669,-5.163943767547607,-8.65447998046875,-7.349879264831543,-8.783227920532227,0.2727991044521332,baseline
baseline_16.wav,cafe,,6.523,169.3937959948811,72.21934864157681,0.04783216491341591,5.6718562874251495,814.2310283830753,1483.034620098039,1115.5411418519463,0.0455777037377451,0.49798548221588135,0.16669659316539764,0.1392711102962494,0.0447445772588253,0.08815329521894455,-332.4169616699219,149.4439697265625,26.25723648071289,16.867273330688477,11.606488227844238,17.666654586791992,-6.589533805847168,2.8795714378356934,1.3291891813278198,-4.444873809814453,-4.093893051147461,-5.720084190368652,0.9299008250236511,baseline
baseline_17.wav,cafe,,6.484,181.03543410084322,83.65901454740272,0.043911468237638474,7.865060240963856,978.7214286279418,1802.801724137931,1204.426348607681,0.06486443580665024,0.49552008509635925,0.15638160705566406,0.11576849222183228,0.04326190799474716,0.12312060594558716,-337.0882873535156,146.11993408203125,35.89413833618164,7.709507465362549,14.455402374267578,17.312564849853516,-3.6377153396606445,3.9003407955169678,-0.6253393888473511,-3.6881473064422607,-5.704773426055908,-5.451438903808594,-0.6480277180671692,baseline
baseline_18.wav,cafe,,4.922,211.89975772883767,79.31083003349845,0.05629768595099449,8.126984126984127,1143.4909463050747,2181.6659902597403,1308.9703079435533,0.06949764103084416,0.46186381578445435,0.1827116310596466,0.13325296342372894,0.055269524455070496,0.13225625455379486,-307.0966796875,130.98016357421875,25.947214126586914,10.81989860534668,9.311887741088867,19.7585391998291,-5.938666820526123,4.309853553771973,-1.1163536310195923,-10.859091758728027,-7.517498970031738,-5.001440525054932,-1.0268381834030151,baseline
baseline_19.wav,cafe,,5.391,187.0001360718987,77.57401677000199,0.046277087181806564,6.121739130434783,856.0900585366201,1576.04474852071,1171.0642441685582,0.05115396172337278,0.5291125178337097,0.16565658152103424,0.122708760201931,0.046235211193561554,0.08191048353910446,-342.1679382324219,146.6547088623047,34.803016662597656,16.317367553710938,9.256108283996582,13.822591781616211,-5.80827522277832,5.7753753662109375,-2.2711093425750732,-4.932340621948242,-7.386470317840576,-6.737856388092041,-1.001284122467041,baseline
baseline_2.wav,cafe,,6.062,177.91415969212073,67.43995773295782,0.03586655855178833,5.608247422680412,1168.3965134550951,2350.8634868421054,1462.3595933790116,0.06509560032894737,0.5282201170921326,0.13917098939418793,0.0998847633600235,0.08394632488489151,0.129054993391037,-268.07293701171875,127.64647674560547,16.76251220703125,30.692306518554688,5.09969425201416,6.61381721496582,-16.4686279296875,-3.262178659439087,-10.590595245361328,-4.3784356117248535,-5.962331771850586,-6.6367292404174805,-4.406694412231445,baseline
baseline_20.wav,cafe,,6.562,190.28487014616937,72.03998012535335,0.04033570736646652,5.79047619047619,940.5597150805675,1718.825849514563,1233.5070872205076,0.06110152457524272,0.49583807587623596,0.1814742386341095,0.13255822658538818,0.05197261646389961,0.10043811798095703,-349.15374755859375,144.0183563232422,39.20857620239258,12.997726440429688,6.837737083435059,9.194513320922852,-7.863790035247803,3.059898853302002,-3.054565906524658,-9.194275856018066,-10.28762149810791,-4.515373229980469,-3.2504239082336426,baseline
baseline_21.wav,cafe,,4.922,208.30880095077637,83.08306297973292,0.05062803998589516,5.485714285714286,1025.8936508729046,1908.5836038961038,1304.5674419018117,0.06132051542207792,0.48583734035491943,0.17245449125766754,0.14316682517528534,0.04891509190201759,0.10748890042304993,-331.8830261230469,129.28787231445312,35.61034393310547,15.651262283325195,10.32761001586914,16.30613899230957,-9.200323104858398,3.808013916015625,-1.9947572946548462,-8.839752197265625,-7.537996292114258,-6.751984119415283,-0.09008710086345673,baseline
baseline_22.wav,cafe,,8.125,168.7307126042424,82.06037194382334,0.04683634638786316,5.661538461538462,900.4869658232709,1645.7615649606298,1240.0225034530729,0.05156365342027559,0.4849570691585541,0.17172981798648834,0.13148583471775055,0.05513085797429085,0.09353563189506531,-336.0279541015625,140.798095703125,37.98064422607422,14.734017372131348,13.370243072509766,15.498174667358398,-3.1812946796417236,5.8525285720825195,0.9318428635597229,-5.324234962463379,-6.280116558074951,-3.9095282554626465,-0.18062369525432587,baseline
baseline_23.wav,cafe,,7.031,187.09345655121143,85.26352436082165,0.04387648403644562,5.973333333333334,960.8084828922459,1803.3025568181818,1313.230833451913,0.05318492542613636,0.4914771318435669,0.1618451476097107,0.12778855860233307,0.06432320177555084,0.10366898775100708,-348.0762634277344,132.81822204589844,40.619781494140625,17.081398010253906,11.899818420410156,15.0221529006958,-3.2163596153259277,5.469754219055176,-0.6430003643035889,-5.761826515197754,-7.569194793701172,-4.2928147315979,-0.6841737031936646,baseline
baseline_24.wav,cafe,,9.375,160.71282056253838,83.52999315955029,0.04396499693393707,6.293333333333333,799.8054467256129,1454.4315273037544,1199.8296454162007,0.041155610068259386,0.524226725101471,0.14874444901943207,0.11478982865810394,0.04694300517439842,0.08065347373485565,-349.505126953125,143.10372924804688,40.6182861328125,19.218976974487305,13.196464538574219,20.149883270263672,-3.4769558906555176,2.30267071723938,-1.6981492042541504,-6.257009983062744,-4.404351234436035,-3.4485995769500732,-0.5082620978355408,baseline
baseline_25.wav,cafe,,5.625,193.58656589333307,64.56841520445246,0.038775309920310974,6.933333333333334,804.7284054101696,1405.4509943181818,1020.3609047168192,0.05207408558238636,0.5341747403144836,0.18488720059394836,0.1286480724811554,0.04366038367152214,0.09250941872596741,-369.67333984375,149.31809997558594,31.132923126220703,10.094740867614746,6.408636093139648,12.632088661193848,-7.733705520629883,2.9580342769622803,-2.854518175125122,-12.277876853942871,-9.32876968383789,-7.710026264190674,0.6861276030540466,baseline
baseline_26.wav,cafe,,8.88,191.20934945107246,67.60340949241306,0.03811972960829735,6.644237672264531,874.7370741992271,1487.6348920863309,1173.6175533096591,0.05523901191546762,0.5332980155944824,0.15276923775672913,0.12915891408920288,0.04171197861433029,0.10917720198631287,-366.78497314453125,142.40065002441406,36.41402816772461,16.18808937072754,11.94070816040039,15.800919532775879,-6.23573637008667,2.628641366958618,-3.0979766845703125,-10.48114013671875,-9.232742309570312,-8.56144905090332,-1.0639119148254395,baseline
baseline_3.wav,cafe,,3.75,200.09097163170313,80.31791456158803,0.041941553354263306,8.266666666666667,1133.2769669739303,2342.1610169491523,1432.0624092284695,0.0636089777542373,0.5104973316192627,0.16885796189308167,0.11110392212867737,0.08642198890447617,0.09379564225673676,-236.4058380126953,133.88572692871094,8.26346492767334,28.04585075378418,2.2080135345458984,4.058401107788086,-11.712114334106445,0.7081453800201416,-8.09226131439209,-5.675808429718018,-4.354528427124023,-5.373166561126709,-5.040846347808838,baseline
baseline_4.wav,cafe,,5.547,246.8396595640104,76.81580739152402,0.12902867794036865,6.670422535211268,1207.2357779830331,2407.10308908046,1492.2360290529693,0.07730558548850575,0.5186166167259216,0.21094973385334015,0.09645755589008331,0.08274661749601364,0.07992266118526459,-203.04991149902344,117.88381958007812,16.073484420776367,11.093987464904785,-16.5869140625,-7.560755729675293,-20.717880249023438,-15.447745323181152,-7.226201057434082,-8.259316444396973,-9.910573959350586,-3.316533327102661,-2.1140055656433105,baseline
baseline_5.wav,cafe,,6.562,250.6634994342609,76.33136664629379,0.12283981591463089,6.552380952380952,1214.4087582224654,2298.6953883495144,1434.3775508444398,0.08362408980582524,0.4689418077468872,0.22750166058540344,0.11414647847414017,0.07721147686243057,0.09097949415445328,-172.45596313476562,128.10227966308594,6.102085113525391,7.812809467315674,-15.75517463684082,-6.766565799713135,-21.626014709472656,-12.255352020263672,-6.347958564758301,-6.820708274841309,-11.178934097290039,-4.196653366088867,-1.2819472551345825,baseline
baseline_6.wav,cafe,,7.917,241.0473932443762,82.5476612819779,0.11557742208242416,5.9363109616508,1062.6742792661676,1946.9191028225807,1348.0420670995443,0.06570533014112903,0.49845728278160095,0.2285580039024353,0.12149731069803238,0.0688014104962349,0.0665559470653534,-183.2990264892578,134.92962646484375,6.4165449142456055,8.296449661254883,-16.16407012939453,-3.7218124866485596,-21.156139373779297,-11.74766731262207,-6.0910964012146,-8.436235427856445,-11.223907470703125,-2.9894187450408936,-3.962536334991455,baseline
baseline_7.wav,cafe,,9.141,155.99084663392196,79.44346157261177,0.04746900871396065,6.892307692307693,839.7163833772208,1532.7250874125873,1197.6615482522272,0.044283353365384616,0.4660603106021881,0.18004295229911804,0.15447533130645752,0.046151053160429,0.06764940172433853,-313.7961120605469,150.5985870361328,22.914363861083984,9.609045028686523,7.431394577026367,20.853557586669922,-3.487826347351074,2.3396475315093994,1.3520543575286865,-5.406095027923584,-5.819839954376221,-3.134943723678589,1.126176357269287,baseline
baseline_8.wav,cafe,,7.734,170.91685791215622,87.38349495660874,0.04786578193306923,6.9818181818181815,1004.4543005257265,1901.924070247934,1271.2907838376473,0.061844250387396695,0.449941486120224,0.1824253350496292,0.11749245226383209,0.06129870191216469,0.11446230858564377,-315.8816223144531,141.06028747558594,25.612146377563477,17.718124389648438,5.451574802398682,17.40491485595703,-2.609023332595825,5.894628047943115,1.8455097675323486,-5.069527626037598,-7.33373498916626,-2.1357240676879883,-1.5241036415100098,baseline
baseline_9.wav,cafe,,7.969,162.4167833604555,83.83481316687573,0.046556256711483,5.772549019607843,928.814710805033,1689.4375,1115.7041641374635,0.05758984375,0.4348297417163849,0.1802527904510498,0.12135308980941772,0.05980744585394859,0.12453162670135498,-348.1346740722656,140.72012329101562,37.88811492919922,14.046917915344238,7.550565719604492,22.13686752319336,-0.48658984899520874,1.4472010135650635,1.3939790725708008,-3.531916618347168,-3.7769875526428223,-2.417289972305298,-0.356824666261673,baseline
baseline_1.wav,outside,,4.907,166.92913540601495,83.60813131156638,0.05296281725168228,4.89128357980817,1025.4626129884284,1816.9642857142858,1260.8353081199257,0.062465122767857144,0.4562295377254486,0.21724586188793182,0.11739625036716461,0.06428536772727966,0.08326519280672073,-279.80413818359375,148.4761505126953,3.551490306854248,3.910877227783203,1.4657204151153564,13.638765335083008,2.355609655380249,3.7863657474517822,2.022700309753418,2.2684576511383057,-2.3488552570343018,0.5996438264846802,2.5768356323242188,baseline
baseline_2.wav,outside,,4.715,168.95493433979138,89.7693762385136,0.054949115961790085,3.605753297540929,923.2623233629042,1796.9805743243244,1210.7074990967737,0.048164986275337836,0.4272710382938385,0.24197672307491302,0.12464335560798645,0.07638722658157349,0.06089785695075989,-278.9545593261719,150.51951599121094,-3.0523109436035156,15.999505043029785,-7.986686706542969,21.175817489624023,-1.3892567157745361,4.161892890930176,4.229423522949219,0.4574275612831116,-2.6366822719573975,-2.562509298324585,8.082402229309082,baseline
baseline_3.wav,outside,,6.037,130.00900691005765,70.78741778694521,0.04463459178805351,3.1470630861922606,871.28261763735,1629.092261904762,1159.7477144351842,0.043712797619047616,0.4295409619808197,0.20056059956550598,0.12312304973602295,0.06407586485147476,0.07489912956953049,-289.55224609375,160.7955322265625,-0.9090964794158936,11.950780868530273,1.8092199563980103,19.581756591796875,-2.6461524963378906,7.559206008911133,3.40871262550354,-1.0778443813323975,0.10577166825532913,-0.3485099673271179,5.677009582519531,baseline
baseline_4.wav,outside,,5.508,195.29195802539815,97.30610702064398,0.08695242553949356,5.446808510638298,900.75021522234,1563.6289739884394,1094.1983705744153,0.06783722453034682,0.5410082340240479,0.2212667465209961,0.08006560057401657,0.05591028183698654,0.06432794034481049,-273.2488708496094,147.0328826904297,23.947006225585938,2.6838457584381104,-8.040451049804688,3.635097026824951,-10.733847618103027,-7.288555145263672,3.4884636402130127,-4.320450305938721,-4.194552421569824,3.077850580215454,4.618807315826416,baseline
baseline_5.wav,outside,,5.859,184.961983121352,90.95832890414549,0.08098379522562027,6.485333333333333,989.8673476780637,1743.5886548913043,1110.135938816848,0.08132271144701086,0.5405932664871216,0.18039359152317047,0.07925260066986084,0.06127186119556427,0.09686853736639023,-272.5693359375,141.7990264892578,23.962831497192383,3.857496738433838,-5.004510402679443,2.9431722164154053,-7.595569133758545,-5.680990695953369,4.705336093902588,-4.102598190307617,-5.64048957824707,4.026864051818848,4.497603893280029,baseline
baseline_6.wav,outside,,6.701,182.95996451900308,90.26777166655386,0.08637487888336182,5.819864016638842,881.9343952099987,1589.3229166666667,1086.0727919566737,0.06115606398809524,0.5424947142601013,0.20277537405490875,0.09094890207052231,0.06188511103391647,0.0603974424302578,-269.8001403808594,151.54371643066406,12.609661102294922,6.03936243057251,-0.899882435798645,0.6591225862503052,-4.447434902191162,-7.451026916503906,3.542318105697632,-3.620903491973877,-5.140690326690674,1.457779049873352,3.8129444122314453,baseline
outside_mixed_v1 copy.wav,mixed,,173.867,209.59464725394972,95.06977842523105,0.08153992146253586,5.320168074174646,937.6936565731728,1719.8656606551344,1224.485774659942,0.05668456492109864,0.5017538070678711,0.20970949530601501,0.11119775474071503,0.057159844785928726,0.06289102137088776,-252.9310760498047,145.6245880126953,16.76951026916504,13.332704544067383,-0.05804966762661934,9.439626693725586,-10.483323097229004,1.2569081783294678,3.071920156478882,-4.2658514976501465,-0.4875718355178833,1.3774861097335815,6.029738426208496,outside_mixed
outside_mixed_v1.wav,mixed,,173.867,209.59464725394972,95.06977842523105,0.08153992146253586,5.320168074174646,937.6936565731728,1719.8656606551344,1224.485774659942,0.05668456492109864,0.5017538070678711,0.20970949530601501,0.11119775474071503,0.057159844785928726,0.06289102137088776,-252.9310760498047,145.6245880126953,16.76951026916504,13.332704544067383,-0.05804966762661934,9.439626693725586,-10.483323097229004,1.2569081783294678,3.071920156478882,-4.2658514976501465,-0.4875718355178833,1.3774861097335815,6.029738426208496,outside_mixed
happy_1.wav,cafe,,4.356,139.91894500846482,64.76136307268347,0.03854166716337204,6.887052341597796,1027.0335864406386,2142.79197080292,1348.9866967068563,0.049113252737226276,0.5408997535705566,0.1469288021326065,0.11303200572729111,0.07844142615795135,0.09424807876348495,-272.1696472167969,141.23072814941406,7.2472076416015625,28.681262969970703,7.595877647399902,7.931947231292725,-8.976314544677734,-0.5030131936073303,-5.569528579711914,-3.1389780044555664,-6.3325276374816895,-6.500924110412598,-3.61885929107666,happy
happy_13.wav,cafe,,3.281,237.9959721811944,98.86638820791305,0.1092003732919693,6.704761904761905,1208.958788293438,2311.5139563106795,1426.588801624116,0.07354084496359223,0.4941674470901489,0.24844537675380707,0.0912977010011673,0.07217749953269958,0.08960676193237305,-207.37396240234375,121.29685974121094,16.178823471069336,11.261079788208008,-18.183679580688477,-2.1018478870391846,-17.021549224853516,-7.074635982513428,-8.635746002197266,-4.673947334289551,-12.038125991821289,-1.0033011436462402,-7.430217742919922,happy
happy_14.wav,cafe,,4.219,215.95402569999456,84.5659033555745,0.10329567641019821,8.533333333333333,1083.429338139197,2079.7230113636365,1329.7706567352166,0.061153527462121215,0.4288782477378845,0.2962191104888916,0.13235192000865936,0.06516233086585999,0.0678822249174118,-202.56964111328125,135.49508666992188,8.286112785339355,4.165050029754639,-16.981273651123047,0.18473464250564575,-16.6520938873291,-7.517375469207764,-6.065351486206055,-4.117720603942871,-10.465058326721191,-4.429150581359863,-5.374462604522705,happy
happy_15.wav,cafe,,5.391,228.4755327133132,87.82175416352104,0.1184333935379982,6.3072463768115945,1091.996754884538,1999.4452662721894,1283.5720184311724,0.06496452015532544,0.43462687730789185,0.26808056235313416,0.13652050495147705,0.07664325088262558,0.07979821413755417,-202.28587341308594,136.76681518554688,8.646357536315918,6.154591083526611,-13.487170219421387,-2.9652178287506104,-18.032798767089844,-9.413796424865723,-6.399309158325195,-9.553411483764648,-12.037293434143066,-5.993311405181885,-9.539982795715332,happy
happy_16.wav,cafe,,5.391,216.52957672293672,90.27597489096176,0.10772863030433655,4.823188405797102,1103.0132847421764,2077.570266272189,1344.6874384205953,0.06516676682692307,0.3765326738357544,0.3121918737888336,0.14904983341693878,0.07664056122303009,0.07523457705974579,-221.630126953125,126.40225219726562,11.487622261047363,8.466862678527832,-9.939472198486328,-0.012443497776985168,-10.509979248046875,-10.03659725189209,-2.5700223445892334,-3.4890594482421875,-9.197930335998535,-4.1407551765441895,-7.319446563720703,happy
happy_17.wav,cafe,,3.984,235.19871640459874,96.2101530674776,0.12251397967338562,6.525490196078431,1031.8172829753958,1937.1875,1324.9496834209206,0.05710546875,0.4250697195529938,0.2918788492679596,0.138231098651886,0.07769662886857986,0.058626510202884674,-206.38946533203125,126.08386993408203,7.442628383636475,9.529084205627441,-13.23525333404541,-1.109547734260559,-15.298456192016602,-10.042335510253906,-1.3564391136169434,-13.480746269226074,-6.149257659912109,-6.295247554779053,-4.652589797973633,happy
happy_18.wav,cafe,,4.453,232.27095327828238,85.84964568659198,0.12121514976024628,7.185964912280702,1096.4523649413675,1972.377232142857,1305.8863956150271,0.06720493861607142,0.38892728090286255,0.3330979347229004,0.1475265622138977,0.06679236888885498,0.06006552278995514,-214.5926513671875,126.76484680175781,9.803618431091309,9.5752534866333,-13.260577201843262,-4.632453441619873,-18.692047119140625,-9.963841438293457,-3.8244755268096924,-7.118199348449707,-8.24954891204834,-7.3494157791137695,-6.434018611907959,happy
happy_19.wav,cafe,,3.75,231.79076424327732,86.62806913109429,0.12904435396194458,8.533333333333333,1198.9341241874092,2297.801906779661,1443.6798174112603,0.07366426112288135,0.459607869386673,0.25297656655311584,0.1003817617893219,0.0843835324048996,0.0964517667889595,-207.5408935546875,112.85939025878906,16.969900131225586,16.56511878967285,-12.00558090209961,-6.085672378540039,-15.065998077392578,-14.25402545928955,-7.319397449493408,-7.316413879394531,-6.46417236328125,-6.731573104858398,-4.734951019287109,happy
happy_2.wav,cafe,,3.281,180.79923859059724,89.22156549430963,0.04074612259864807,7.314285714285714,1577.0353588143787,3508.419296116505,1778.4012431049755,0.09107630461165049,0.4172150492668152,0.13790418207645416,0.12812916934490204,0.14748437702655792,0.14982019364833832,-201.75875854492188,97.8043212890625,7.9610419273376465,29.376188278198242,0.6429053544998169,4.8423662185668945,-9.763711929321289,-1.685322642326355,-12.07603931427002,-2.124037742614746,-10.23617172241211,-8.681370735168457,-7.132012367248535,happy
happy_20.wav,cafe,,4.219,227.80172404587145,100.2945414784152,0.12520267069339752,5.214814814814815,1164.1329834999374,2382.043087121212,1412.9694476349268,0.06800796046401515,0.42139142751693726,0.2929864227771759,0.11748948693275452,0.09469787031412125,0.06646379083395004,-196.73777770996094,120.61656951904297,4.657280921936035,16.870452880859375,-20.098209381103516,-2.385413408279419,-20.661895751953125,-9.869294166564941,-5.841822624206543,-13.860663414001465,-9.000194549560547,-5.205385208129883,-4.639619827270508,happy
happy_21.wav,cafe,,4.922,249.04389234100333,101.07570647680203,0.13102537393569946,6.704761904761905,1161.2591038205667,2147.930194805195,1289.1529273860476,0.0838860846185065,0.3994100093841553,0.26478302478790283,0.14636026322841644,0.08357501775026321,0.09831825643777847,-203.62855529785156,127.46928405761719,7.268034934997559,5.733689308166504,-16.214969635009766,-6.371074199676514,-26.170394897460938,-16.027677536010742,-7.2203192710876465,-11.087997436523438,-11.46938419342041,-6.296149730682373,-3.0420925617218018,happy
happy_3.wav,cafe,,3.047,197.8899865772364,96.51600642096523,0.04941923916339874,8.533333333333333,1304.4281276246209,2681.0709635416665,1583.1755491902156,0.0717010498046875,0.47482365369796753,0.1620311439037323,0.11384391784667969,0.10437633842229843,0.12802277505397797,-214.11956787109375,113.01904296875,11.275469779968262,29.60054588317871,2.1088740825653076,0.6080408692359924,-13.029778480529785,-0.7479464411735535,-10.785016059875488,-5.79802942276001,-9.375167846679688,-9.387633323669434,-8.368453979492188,happy
happy_50.wav,cafe,,5.039,230.63069255857644,78.48503619307206,0.05254629626870155,5.953488372093023,1167.2791053144915,2131.1807753164558,1301.822713215806,0.08724164359177215,0.4903145730495453,0.15559454262256622,0.15114645659923553,0.05591348558664322,0.13009825348854065,-311.8214111328125,127.86457061767578,30.95347023010254,9.13652515411377,7.103157043457031,17.590625762939453,-7.57457971572876,-1.8666422367095947,-6.91389274597168,-12.563348770141602,-16.15102767944336,-9.028465270996094,-0.34502971172332764,happy
happy_51.wav,cafe,,7.617,180.29831028960228,90.20659875643256,0.051593564450740814,5.776410256410257,937.211929792081,1668.1485355648535,1246.4578985771252,0.05914536480125523,0.47111159563064575,0.16126996278762817,0.16940823197364807,0.034613966941833496,0.10585126280784607,-323.79486083984375,142.70835876464844,41.08234405517578,7.617753505706787,14.262178421020508,23.325359344482422,-7.920645713806152,-2.97933030128479,-4.96516227722168,-8.72649097442627,-7.413997650146484,-3.197748899459839,2.368007183074951,happy
happy_52.wav,cafe,,5.391,180.3244148615235,90.20955558439451,0.055571895092725754,6.492753623188406,1067.4411484710329,2000.1849112426034,1277.4027864237867,0.06676740477071005,0.45149946212768555,0.16844333708286285,0.13480621576309204,0.06942629814147949,0.12144474685192108,-307.60137939453125,124.11200714111328,40.45478057861328,20.112091064453125,13.660904884338379,17.261707305908203,-8.402422904968262,-1.1436114311218262,-7.879178524017334,-9.338406562805176,-8.718670845031738,-0.42323538661003113,4.837605953216553,happy
happy_53.wav,cafe,,6.562,185.4215652576844,92.73702282137685,0.05208338424563408,6.4,865.7037955336539,1450.7736650485438,1160.891912312207,0.05513311589805825,0.5309070944786072,0.13819816708564758,0.13380557298660278,0.03932656720280647,0.09915195405483246,-341.86334228515625,139.1942901611328,40.26728439331055,16.416540145874023,18.627174377441406,23.089454650878906,-10.106729507446289,-0.19036880135536194,-6.46621561050415,-8.483831405639648,-8.436360359191895,0.29566460847854614,2.3577029705047607,happy
happy_54.wav,cafe,,4.805,203.13213161545912,94.15674306661842,0.057415761053562164,6.2439024390243905,1152.517785760339,2113.048427152318,1485.8866583997265,0.07565125724337748,0.4888066351413727,0.15823674201965332,0.14365452527999878,0.05484171584248543,0.10422475636005402,-324.3218078613281,117.38809967041016,41.97758865356445,19.265539169311523,13.477234840393066,16.673633575439453,-1.9095560312271118,-2.181638717651367,-7.9228644371032715,-7.342041015625,-10.725744247436523,-0.3975623846054077,6.1320719718933105,happy
happy_55.wav,cafe,,4.922,194.5169254279112,83.63730110077354,0.05364057794213295,5.282539682539682,867.558346292923,1422.0271915584415,1175.3835586339417,0.05497285917207792,0.48754531145095825,0.1834637075662613,0.1658199280500412,0.04465379938483238,0.0732535719871521,-331.0960693359375,146.40394592285156,30.99969482421875,5.741224765777588,10.976746559143066,19.949256896972656,-5.207043170928955,-1.2971223592758179,-5.194698333740234,-9.74330997467041,-10.714268684387207,-3.1554808616638184,2.9422481060028076,happy
happy_56.wav,cafe,,6.797,194.6027337791606,101.56045725292894,0.04915785416960716,6.032183908045977,1135.990635002613,2200.4474765258215,1458.9540619355503,0.06411384976525822,0.41513189673423767,0.19791382551193237,0.14796684682369232,0.062338363379240036,0.11785633862018585,-309.21942138671875,122.99939727783203,35.87208938598633,12.920867919921875,11.268431663513184,22.341846466064453,-4.280858039855957,1.6341888904571533,-3.6894795894622803,-9.07310962677002,-11.066280364990234,-0.2900763750076294,-0.14111903309822083,happy
happy_57.wav,cafe,,7.109,192.86431310652785,95.66826965908012,0.05174696817994118,7.314285714285714,926.0859788974627,1632.8125,1252.6576095477237,0.05673696748878924,0.48762568831443787,0.1745726764202118,0.14036710560321808,0.06324262171983719,0.08115603029727936,-329.39044189453125,128.95932006835938,33.63613510131836,18.004913330078125,9.553690910339355,20.826229095458984,-3.1770427227020264,2.9065680503845215,-2.6542365550994873,-7.155759334564209,-11.487668991088867,-2.056313991546631,1.363468050956726,happy
happy_58.wav,cafe,,5.391,179.7167402664011,81.44336799684841,0.06030215695500374,7.234782608695652,849.8174308038807,1465.3291420118344,1120.0838215550991,0.05451414571005917,0.5585350394248962,0.1317882388830185,0.13156425952911377,0.04175515100359917,0.08710072934627533,-330.3819274902344,133.24716186523438,39.26517868041992,18.241994857788086,18.00177001953125,20.75052261352539,-4.092033863067627,0.42002272605895996,-6.506744861602783,-7.655829429626465,-11.43600845336914,-0.9331265687942505,2.4031965732574463,happy
happy_59.wav,cafe,,6.875,168.1513062339495,96.60847377691616,0.047878943383693695,6.545454545454546,1000.4594883412708,1834.1206395348838,1308.9201293061774,0.05714480377906977,0.5025337338447571,0.142110213637352,0.08724959194660187,0.055544413626194,0.13575293123722076,-340.167724609375,127.06170654296875,45.8990592956543,21.178897857666016,18.550302505493164,18.524856567382812,-3.4092864990234375,2.0070431232452393,-7.729804515838623,-7.092658519744873,-8.15359878540039,-0.921545684337616,0.8406456112861633,happy
happy_60.wav,cafe,,8.398,164.20183507031194,86.25650680324121,0.045931678265333176,5.23906976744186,891.4676098183229,1628.7131653992396,1169.3874908814214,0.056195045152091255,0.5189971327781677,0.12776868045330048,0.1160961166024208,0.04793895035982132,0.10664650797843933,-346.6710510253906,138.88406372070312,42.01652908325195,14.91193675994873,16.519868850708008,25.456525802612305,-3.637012004852295,-2.2606589794158936,-3.5345892906188965,-6.151383399963379,-7.687457084655762,1.4240678548812866,4.373338222503662,happy
happy_61.wav,cafe,,6.719,151.53402821599073,83.49991329746685,0.046371638774871826,4.316279069767442,725.5752021095135,1319.717261904762,1020.4313395836759,0.04106212797619048,0.49420294165611267,0.13808313012123108,0.1415061503648758,0.04504233971238136,0.08074686676263809,-366.0613708496094,141.0314483642578,46.56114959716797,20.212730407714844,22.012760162353516,21.785722732543945,0.49643945693969727,3.523885488510132,-5.054600238800049,-2.9122707843780518,-7.609906196594238,-0.33699384331703186,4.042575359344482,happy
happy_62.wav,cafe,,6.211,181.90020924047698,80.38899851611143,0.0402132049202919,5.957232704402515,976.0793710881745,1763.7820512820513,1257.9046941010158,0.06514172676282051,0.4864443242549896,0.18852750957012177,0.13217031955718994,0.053350336849689484,0.1046127900481224,-354.8795166015625,134.95370483398438,35.8934326171875,16.356830596923828,10.470993995666504,14.888132095336914,-5.604367733001709,0.6163678169250488,-8.064071655273438,-7.185399532318115,-12.995522499084473,-2.2790818214416504,-2.1838881969451904,happy
stressed_1.wav,cafe,,3.75,141.36655535164928,58.64928467987363,0.04318762198090553,8.0,965.4584790863731,1838.2547669491526,1287.288780887306,0.049945378707627115,0.5554288029670715,0.15336067974567413,0.11812335252761841,0.07010789960622787,0.07896937429904938,-257.1928405761719,146.7703094482422,7.301107406616211,23.001060485839844,5.948492050170898,9.701140403747559,-10.14486026763916,-2.911233901977539,-5.58850622177124,-3.8146140575408936,-5.9673871994018555,-5.244715690612793,-4.227196216583252,stressed
stressed_13.wav,cafe,,3.75,267.7620359778836,86.85724584053081,0.11440496146678925,5.333333333333333,1351.1241135331968,2547.4708686440677,1401.961286244449,0.10356528072033898,0.35414591431617737,0.30706587433815,0.17107732594013214,0.09069947898387909,0.07365330308675766,-189.67201232910156,112.4827880859375,-10.107604026794434,2.33905029296875,-23.028345108032227,-9.50201416015625,-23.54982566833496,-13.454314231872559,-5.226059436798096,-9.828577041625977,-11.362428665161133,-6.4273176193237305,-4.708425045013428,stressed
stressed_14.wav,cafe,,3.75,254.2973438458988,103.37482567440581,0.13707606494426727,6.933333333333334,1371.508831637014,2689.6186440677966,1482.6740952423831,0.0915279065148305,0.29419657588005066,0.3447202742099762,0.16953258216381073,0.09661330282688141,0.08853044360876083,-176.396484375,120.23932647705078,-5.515417575836182,2.3546745777130127,-24.02960777282715,-5.77719259262085,-23.73965072631836,-9.723116874694824,-8.200812339782715,-8.602900505065918,-6.724137783050537,-5.630158424377441,-6.658860206604004,stressed
stressed_15.wav,cafe,,4.766,267.39311359959976,83.07548076388271,0.11465903371572495,5.8754098360655735,1481.6286689795206,2832.0574664429532,1487.1958153412522,0.11481491191275167,0.37174057960510254,0.25139912962913513,0.15992188453674316,0.09139332920312881,0.12060148268938065,-189.77310180664062,112.61651611328125,-1.377012014389038,5.776381969451904,-13.408659934997559,-7.659460067749023,-22.284740447998047,-12.083918571472168,-8.20340347290039,-10.32191276550293,-8.822983741760254,-6.652477264404297,-5.664551734924316,stressed
stressed_16.wav,cafe,,4.102,274.7678977128521,87.36946561322392,0.12206928431987762,7.070476190476191,1240.3631810410416,2323.0983527131784,1348.5906671359296,0.08866279069767442,0.3477596044540405,0.2946065068244934,0.18243059515953064,0.08751282840967178,0.08106015622615814,-194.58236694335938,124.17487335205078,-9.65732479095459,5.708137512207031,-20.484203338623047,-6.710305213928223,-19.216777801513672,-15.986990928649902,-4.9419708251953125,-7.83235502243042,-8.680763244628906,-8.606977462768555,-5.655289649963379,stressed
stressed_17.wav,cafe,,3.281,253.56882665363412,86.99992488522302,0.1244141012430191,5.180952380952381,1104.3098661032604,2142.141990291262,1345.2813283957328,0.06898987408980582,0.4262937605381012,0.28837165236473083,0.1481476128101349,0.08110113441944122,0.049106795340776443,-216.79989624023438,119.64571380615234,-2.967332601547241,3.8494396209716797,-19.32904052734375,-5.209029197692871,-22.23439598083496,-20.094287872314453,-3.6766927242279053,-13.284632682800293,-14.411382675170898,-4.309074878692627,-6.912612438201904,stressed
stressed_18.wav,cafe,,4.258,281.57422566936776,96.93992030725369,0.1358426958322525,5.636697247706422,1132.215049163576,1969.6828358208954,1224.486239555595,0.08551845265858209,0.4144546091556549,0.31314969062805176,0.13523520529270172,0.06169004365801811,0.07218965142965317,-253.93179321289062,115.45787048339844,1.9886479377746582,3.45585560798645,-15.713316917419434,-5.207456588745117,-20.965927124023438,-15.539725303649902,-11.028926849365234,-10.98477840423584,-6.303442001342773,-7.789137363433838,-4.703146934509277,stressed
stressed_19.wav,cafe,,3.75,265.95709233446553,95.91302300563062,0.1123894676566124,5.866666666666666,1144.0621008737794,2034.3617584745762,1290.6523325274445,0.0858837063029661,0.4784640967845917,0.2302117645740509,0.09273862838745117,0.08541851490736008,0.10530556738376617,-260.17645263671875,112.51980590820312,13.956799507141113,16.230148315429688,-18.382211685180664,-2.508044481277466,-21.35819435119629,-11.528373718261719,-12.155043601989746,-10.80411434173584,-3.2177462577819824,-4.816600799560547,-3.347517728805542,stressed
stressed_2.wav,cafe,,3.049,158.17017867735086,73.30972737996025,0.044118594378232956,6.886657101865136,1070.2405118111656,2212.4837239583335,1402.031337170858,0.05767822265625,0.5464707016944885,0.1541539877653122,0.11533958464860916,0.09140123426914215,0.07030344009399414,-239.40184020996094,132.28392028808594,6.368934154510498,31.142366409301758,-1.689343810081482,4.514665603637695,-9.360568046569824,-3.7582828998565674,-11.561776161193848,-6.302426815032959,-12.190140724182129,-4.4993109703063965,-6.140394687652588,stressed
stressed_20.wav,cafe,,4.453,232.11655151412333,90.77277843729568,0.09749843180179596,5.838596491228071,1048.5911666515276,1985.546875,1341.2454229159355,0.06274762834821429,0.46589699387550354,0.24345315992832184,0.12704208493232727,0.09978440403938293,0.05330199375748634,-256.1565856933594,110.2053451538086,11.520029067993164,24.348312377929688,-13.297750473022461,-0.188401460647583,-16.81871223449707,-16.88365936279297,-2.2524144649505615,-9.133498191833496,-8.059943199157715,-5.193328857421875,-0.6667568683624268,stressed
stressed_21.wav,cafe,,4.648,236.14564333028196,83.8066881767646,0.11322951316833496,6.238655462184874,1142.048383258117,2127.140410958904,1307.874931193686,0.0848238174229452,0.5016506314277649,0.2122649997472763,0.10756281018257141,0.06653213500976562,0.10477875918149948,-255.99566650390625,117.77379608154297,15.65500259399414,10.251462936401367,-9.383100509643555,-1.484314203262329,-24.749038696289062,-13.593822479248047,-7.787618637084961,-11.819804191589355,-5.45227575302124,-4.695219993591309,-6.709055423736572,stressed
stressed_3.wav,cafe,,2.812,197.77080704374947,83.2818794912482,0.038751229643821716,7.111111111111111,1193.1401985623759,2307.9723011363635,1398.1604379438154,0.06935258345170454,0.520759642124176,0.13350652158260345,0.10657212883234024,0.09402808547019958,0.12062060832977295,-256.27337646484375,130.47227478027344,8.249533653259277,32.54591369628906,2.0751678943634033,11.612224578857422,-11.753251075744629,-1.1581658124923706,-10.221317291259766,-6.066484451293945,-7.06373929977417,-2.6317145824432373,-7.740667819976807,stressed
stressed_intense_1.wav,cafe,,4.102,243.7620921193164,95.207574380478,0.0856146588921547,6.582857142857143,1083.4596072838044,1935.7437015503876,1283.3401145817988,0.07493792393410853,0.4673290252685547,0.2679922878742218,0.12268683314323425,0.07482826709747314,0.058018334209918976,-282.46484375,124.03221130371094,9.897272109985352,7.0033135414123535,-14.126801490783691,-2.0100855827331543,-16.873729705810547,-15.645120620727539,-5.535847187042236,-7.876684188842773,-10.795537948608398,-7.678610324859619,-3.8929731845855713,stressed_intense
stressed_intense_2.wav,cafe,,4.219,257.8104789146333,108.32589244178578,0.10119160264730453,5.925925925925926,1060.2329831735617,1926.964962121212,1267.276197542225,0.06985011245265152,0.3736638128757477,0.3675653040409088,0.1276453137397766,0.0595206581056118,0.06465521454811096,-275.74615478515625,130.88343811035156,8.731972694396973,0.6683869957923889,-13.17314338684082,-3.2284252643585205,-16.325794219970703,-11.033174514770508,-6.8336687088012695,-7.284479141235352,-3.534475326538086,-4.679661750793457,-3.471283197402954,stressed_intense
stressed_intense_3.wav,cafe,,4.453,253.0705113272078,90.54669485792988,0.09170565754175186,5.389473684210526,1184.1350560541966,1947.377232142857,1225.386675390687,0.10697195870535714,0.4576881527900696,0.26166972517967224,0.1482820361852646,0.052255865186452866,0.07457928359508514,-276.5272216796875,113.78726196289062,15.602214813232422,3.3989181518554688,-10.261990547180176,-3.5611050128936768,-18.786296844482422,-13.36334228515625,-7.8061723709106445,-9.69998550415039,-6.615400791168213,-7.4689741134643555,-3.700615167617798,stressed_intense
stressed_intense_4.wav,cafe,,4.688,234.1258758104847,94.40644590920658,0.08694759011268616,5.546666666666667,1061.6862120468752,1825.3613945578231,1200.8969383248086,0.08066605548469388,0.37560293078422546,0.3114970028400421,0.15831208229064941,0.05805455893278122,0.08550635725259781,-263.2485046386719,131.2822723388672,6.6974077224731445,3.2598612308502197,-12.081048011779785,-4.642073154449463,-18.964441299438477,-14.294901847839355,-8.035429000854492,-6.742260456085205,-4.171256065368652,-5.879668712615967,-4.057159423828125,stressed_intense
stressed_intense_5.wav,cafe,,3.516,248.26232657792912,103.72849259085011,0.11961502581834793,6.826666666666667,1051.6238005612747,1893.1818181818182,1257.2467869755799,0.07025035511363636,0.41539961099624634,0.30518949031829834,0.1450095772743225,0.0798419639468193,0.04878378286957741,-231.68655395507812,127.91065216064453,-5.591196060180664,4.147301197052002,-21.06480598449707,-12.073277473449707,-25.219005584716797,-16.40189552307129,-10.20638656616211,-14.968070983886719,-9.333874702453613,-9.534296989440918,-7.108025550842285,stressed_intense
stressed_intense_6.wav,cafe,,3.75,284.42314708457593,101.35878353821313,0.12302494049072266,6.133333333333334,1091.012520333595,1909.0969279661017,1162.6453259970726,0.08472507282838983,0.3659364879131317,0.3387301564216614,0.15399809181690216,0.08513188362121582,0.05409344285726547,-250.33702087402344,117.2740478515625,-5.289626598358154,4.475884437561035,-18.211105346679688,-16.857744216918945,-21.710237503051758,-15.481776237487793,-9.225235939025879,-13.240337371826172,-8.822328567504883,-9.969783782958984,-6.845759391784668,stressed_intense
stressed_intense_7.wav,cafe,,4.219,277.31252148479285,83.09548677537217,0.10264772176742554,4.7407407407407405,1235.0251904230483,2208.6292613636365,1245.7722722322692,0.09234804095643939,0.3755529820919037,0.2587060332298279,0.14114804565906525,0.10139542818069458,0.1176820695400238,-224.2366943359375,118.03266143798828,-5.321949481964111,2.1138479709625244,-22.44061279296875,-9.125462532043457,-22.36882209777832,-15.304909706115723,-10.227952003479004,-11.568131446838379,-7.791616916656494,-8.62518310546875,-6.8800177574157715,stressed_intense
stressed_intense_8.wav,cafe,,3.75,271.4516982624404,87.1049628825201,0.11708084493875504,8.266666666666667,1130.7892428597938,2211.4009533898306,1323.0702751744868,0.06826006355932203,0.3928767740726471,0.2879538834095001,0.14294733107089996,0.11362193524837494,0.05745904520153999,-214.7878875732422,113.92514038085938,-9.961686134338379,15.28907299041748,-21.802448272705078,-10.597606658935547,-22.25381851196289,-15.165861129760742,-4.199244022369385,-16.02057647705078,-9.206928253173828,-4.31815242767334,-6.648552417755127,stressed_intense
stressed_intense_9.wav,cafe,,5.156,264.85485676164285,93.97803775929258,0.1253151148557663,6.593939393939394,1377.7561616875764,2698.1095679012346,1455.4994739487424,0.09571216724537036,0.3745812475681305,0.25030380487442017,0.14987194538116455,0.10291887819766998,0.11902875453233719,-180.82481384277344,111.05152893066406,-3.19952392578125,2.470510959625244,-22.05992889404297,-5.993932723999023,-28.912700653076172,-14.078646659851074,-11.408906936645508,-12.773539543151855,-9.870721817016602,-8.089858055114746,-9.332026481628418,stressed_intense
tired_1.wav,cafe,,3.984,129.31808401343295,60.07534670995715,0.04067552089691162,8.031372549019608,1096.1312812316903,2266.9375,1479.5736802050465,0.0448125,0.5628864169120789,0.13207635283470154,0.10970035195350647,0.08432278037071228,0.08610012382268906,-265.0137634277344,128.30474853515625,15.373862266540527,24.93714714050293,8.337767601013184,11.346993446350098,-6.690991401672363,-0.28293377161026,-4.92055082321167,-0.6071975231170654,-7.178399085998535,-8.340620994567871,-5.828624725341797,tired
tired_14.wav,cafe,,5.156,253.0009178856292,88.72104225017824,0.07946028560400009,4.654545454545454,1357.0614833220495,2704.3306327160494,1574.1674475002558,0.08695625964506173,0.5085731148719788,0.20971183478832245,0.10863905400037766,0.07722333818674088,0.08095433562994003,-262.1131591796875,105.33116149902344,15.441388130187988,13.933135986328125,-6.1555633544921875,3.2276837825775146,-17.642332077026367,-8.859814643859863,-3.839789390563965,-3.8216826915740967,-11.113049507141113,-3.4563252925872803,-5.097858428955078,tired
tired_15.wav,cafe,,5.625,243.24571893122385,82.14753635819761,0.06915853172540665,6.5777777777777775,1339.6660490630695,2668.4126420454545,1541.10340937398,0.09330055930397728,0.5073512196540833,0.243111252784729,0.11087025701999664,0.05044424161314964,0.08198365569114685,-289.1288757324219,115.15229034423828,13.842490196228027,-1.105149507522583,-7.015699863433838,1.2435415983200073,-21.131855010986328,-6.6041107177734375,-9.803058624267578,-8.321325302124023,-7.725127696990967,-3.5223276615142822,-7.385632514953613,tired
tired_16.wav,cafe,,7.5,220.25549412123652,81.17167475942038,0.052848923951387405,6.133333333333334,1440.050816340713,2778.523936170213,1548.6123126195723,0.11552318816489361,0.5396372675895691,0.19376008212566376,0.0931348130106926,0.06089598685503006,0.10485681146383286,-350.74853515625,102.81230163574219,17.04596710205078,6.693197727203369,-0.8733639121055603,-2.7809717655181885,-20.239839553833008,-9.25704574584961,-7.281432628631592,-9.141151428222656,-7.797414779663086,0.91562819480896,-5.701070785522461,tired
tired_17.wav,cafe,,6.797,236.2140515973263,70.01502498052467,0.06215566024184227,7.062068965517241,1334.8083563269988,2643.8526995305165,1541.1720448088179,0.08957783157276995,0.530098021030426,0.20701391994953156,0.10294564068317413,0.05640869215130806,0.09727055579423904,-297.3301086425781,113.56190490722656,19.569734573364258,2.685234308242798,-7.4330034255981445,-5.863500118255615,-22.116289138793945,-10.724043846130371,-12.9072847366333,-9.497965812683105,-9.608535766601562,-4.648586273193359,-7.857467174530029,tired
tired_18.wav,cafe,,4.688,253.05664093993877,74.23632273095527,0.08769387006759644,6.1866666666666665,953.4849981262046,1664.7534013605443,1234.534538919921,0.06408442283163265,0.5877043604850769,0.21666006743907928,0.09793341904878616,0.04924315959215164,0.04343913495540619,-305.55706787109375,128.34161376953125,14.071202278137207,5.987494468688965,-8.305818557739258,-2.6413631439208984,-22.1606388092041,-14.849233627319336,-11.020215034484863,-13.617388725280762,-14.76059627532959,-4.184301853179932,-7.166616916656494,tired
tired_19.wav,cafe,,6.562,268.16075894883755,80.70621513721568,0.08599285781383514,6.247619047619048,1181.8238782475614,2151.395631067961,1333.6222225053418,0.08326854520631068,0.52731853723526,0.2278105914592743,0.10500423610210419,0.07041846215724945,0.06542843580245972,-280.5184631347656,115.36286163330078,7.879316329956055,10.688793182373047,-15.357412338256836,-7.888208866119385,-20.061054229736328,-19.61349868774414,-13.661514282226562,-12.084000587463379,-10.928428649902344,-5.133419513702393,-6.501226425170898,tired
tired_2.wav,cafe,,4.922,180.8508234573258,71.54006647031791,0.02906687557697296,4.673015873015873,758.4558752089474,1361.810064935065,1053.1639140711593,0.04241705560064935,0.6138120293617249,0.12902100384235382,0.0740426629781723,0.09206875413656235,0.057428307831287384,-352.9786682128906,160.98724365234375,14.42290210723877,38.399776458740234,10.970322608947754,2.4131405353546143,-4.6298089027404785,-5.061880588531494,-2.1751956939697266,-4.706544876098633,-6.815282344818115,-4.3395915031433105,-7.648340702056885,tired
tired_20.wav,cafe,,6.094,262.74830865136624,81.43141125855625,0.07900575548410416,6.235897435897436,1264.1539123084217,2414.1443062827225,1451.833024162999,0.09074361910994765,0.5155100226402283,0.20608456432819366,0.08604663610458374,0.08401761949062347,0.10157071799039841,-285.0330810546875,106.1058578491211,19.176015853881836,11.587279319763184,-11.729264259338379,-4.109694957733154,-19.799636840820312,-12.958159446716309,-10.821417808532715,-8.647790908813477,-10.025126457214355,-4.852458477020264,-5.370908260345459,tired
tired_21.wav,cafe,,4.688,228.61881096558415,72.9934097588999,0.08638344705104828,4.693333333333333,1279.7690297027739,2586.0437925170068,1539.0216002688644,0.0829015199829932,0.5518555641174316,0.19982007145881653,0.0775914415717125,0.08013327419757843,0.08177828043699265,-260.6778869628906,106.98255157470703,20.52204704284668,20.47825050354004,-14.459627151489258,-6.919064044952393,-21.91729164123535,-10.545985221862793,-10.370492935180664,-9.664398193359375,-8.732307434082031,-3.8460540771484375,-6.605690956115723,tired
tired_22.wav,cafe,,8.672,227.74793928615372,74.96711254235026,0.07610289007425308,6.1117117117117115,1162.3567281892897,2246.713560885609,1465.4234656167425,0.07277192400830258,0.5236404538154602,0.2134971171617508,0.09271539747714996,0.06849212944507599,0.09283813089132309,-275.2262878417969,117.26490783691406,24.16727638244629,9.686548233032227,-9.149629592895508,-1.4566196203231812,-19.39219856262207,-11.900108337402344,-7.97245454788208,-9.025532722473145,-9.318182945251465,-4.419835090637207,-6.876224517822266,tired
tired_3.wav,cafe,,3.516,208.28797245227807,72.6526401335103,0.04392481967806816,7.68,786.6069235158033,1333.096590909091,1129.3374339130621,0.04245827414772727,0.6304060816764832,0.15087662637233734,0.08520417660474777,0.062465135008096695,0.04319334030151367,-297.0441589355469,154.163818359375,13.415043830871582,29.982147216796875,2.196894645690918,8.313389778137207,-10.288447380065918,-1.3781616687774658,-4.113827705383301,-4.221980571746826,-8.919450759887695,-10.038605690002441,-9.223405838012695,tired
tired_4.wav,cafe,,4.688,183.60150343071146,73.08445726438674,0.0315246619284153,5.333333333333333,1117.9716596514513,1967.7933673469388,1285.8474522911533,0.07317907631802721,0.551041841506958,0.09377384930849075,0.06845162063837051,0.08604350686073303,0.1693992018699646,-322.50445556640625,135.1559600830078,22.641077041625977,40.57442855834961,10.674962043762207,5.840959072113037,-8.124051094055176,-0.6482744812965393,-5.005471706390381,-5.698193073272705,-8.331345558166504,-5.7006354331970215,-7.653036117553711,tired
tired_50.wav,cafe,,5.977,162.10384804474765,81.55868192081977,0.04528412967920303,7.027450980392157,996.886574407553,1809.3248663101604,1335.9981726735512,0.05366915942513369,0.509709358215332,0.11247958242893219,0.11963488906621933,0.0566757433116436,0.1290419101715088,-319.5842590332031,134.43386840820312,34.21665954589844,18.62470817565918,15.356881141662598,20.42918586730957,-6.609629154205322,-3.857757806777954,-7.132014274597168,-1.3278441429138184,-7.0278449058532715,3.1998324394226074,4.771513938903809,tired
tired_51.wav,cafe,,6.875,200.2917191351146,88.38953969451251,0.05999019369482994,6.9818181818181815,909.2657412946029,1600.7994186046512,1259.807688659012,0.052137082122093024,0.5555428862571716,0.1310502141714096,0.1365232914686203,0.05099698156118393,0.07335162907838821,-302.14398193359375,137.96092224121094,28.7281436920166,17.499845504760742,9.227075576782227,17.595996856689453,-6.779451370239258,-7.862740516662598,-10.498830795288086,-1.2536897659301758,-5.332200050354004,2.202648639678955,3.131298065185547,tired
tired_52.wav,cafe,,5.859,199.6254436379841,96.26026689544081,0.05086606368422508,5.632,913.1484001739101,1633.0247961956522,1292.7046871578464,0.049409285835597824,0.5271444916725159,0.1453099101781845,0.15232402086257935,0.05755164474248886,0.06917620450258255,-337.7022705078125,132.14964294433594,31.8167667388916,17.033348083496094,6.5309367179870605,14.216839790344238,-6.904576301574707,-7.8587846755981445,-6.957776069641113,1.5540159940719604,-4.271358966827393,0.20795440673828125,0.6692066788673401,tired
tired_53.wav,cafe,,6.445,198.23057118508518,89.29617306498429,0.0556819923222065,7.292121212121212,1011.894524008877,1950.417698019802,1402.491144622606,0.052615930538366336,0.5440776348114014,0.13412494957447052,0.13593320548534393,0.06304275989532471,0.07691075652837753,-299.2879638671875,128.2871551513672,27.940826416015625,19.73370933532715,6.856181621551514,14.983978271484375,-8.094644546508789,-4.621999740600586,-9.84166431427002,2.445694923400879,-4.845134258270264,-2.7420101165771484,-2.6091558933258057,tired
tired_54.wav,cafe,,6.328,169.15132984196768,95.73153109441544,0.060815975069999695,5.846913580246913,1003.1756849703611,1891.8876262626263,1320.0423630489242,0.059392755681818184,0.45644888281822205,0.09799183905124664,0.1456093192100525,0.0865120068192482,0.11810364574193954,-302.433349609375,129.3147735595703,30.01010513305664,25.294635772705078,13.418807983398438,13.855321884155273,-4.347214698791504,3.3158724308013916,-6.008480072021484,5.404913425445557,-4.012463569641113,0.665229082107544,0.39079877734184265,tired
tired_55.wav,cafe,,5.391,178.4233428056356,87.44120494255357,0.05276770889759064,6.863768115942029,985.4365600954077,1942.2614644970415,1315.8727628053728,0.05276904585798817,0.5386837720870972,0.12188975512981415,0.11969180405139923,0.06412184983491898,0.08703652769327164,-297.63543701171875,136.68995666503906,25.298423767089844,20.163053512573242,11.031693458557129,15.771857261657715,-7.32956600189209,-1.9878414869308472,-2.812166690826416,2.326852321624756,-3.170377731323242,-2.1495864391326904,-2.57769775390625,tired
tired_56.wav,cafe,,8.789,145.27427613332492,62.43191545174788,0.04664619639515877,6.257777777777778,647.2663904479207,1114.375,1032.5773413998302,0.03538707386363636,0.5725758671760559,0.12687890231609344,0.10417341440916061,0.03878681734204292,0.050592441111803055,-352.6718444824219,160.1431884765625,39.824249267578125,18.19477653503418,11.033169746398926,18.913820266723633,0.42680037021636963,0.8259729146957397,-6.839324474334717,0.34675824642181396,-2.2541515827178955,1.052624225616455,0.10809897631406784,tired
tired_57.wav,cafe,,7.852,135.33024578041073,69.4897738466462,0.049912985414266586,3.8208955223880596,681.9871461845705,1213.478150406504,1024.8499936983337,0.031885162601626015,0.5544766187667847,0.11240896582603455,0.10618944466114044,0.052607275545597076,0.046552009880542755,-357.2861633300781,147.22633361816406,39.50957107543945,22.211946487426758,11.81520938873291,23.912673950195312,2.6984379291534424,-4.656280040740967,-4.510020732879639,-0.017939746379852295,-1.0654315948486328,-0.19032061100006104,-2.189063549041748,tired
tired_58.wav,cafe,,7.969,196.17007800706523,85.62487433473838,0.04426860809326172,5.898039215686275,822.2384361641144,1446.375,1136.0469563954457,0.046248046875,0.5666339993476868,0.12690196931362152,0.14228984713554382,0.056149307638406754,0.06662771850824356,-332.0122375488281,144.5789337158203,29.800256729125977,16.262746810913086,10.957939147949219,20.838621139526367,-4.69014310836792,-6.4426798820495605,-9.813672065734863,-1.1173999309539795,-7.633296012878418,-5.114696979522705,-4.695330619812012,tired
tired_59.wav,cafe,,7.031,191.89080669957926,74.37637091627552,0.047864921391010284,5.688888888888889,831.5273738987831,1527.7698863636363,1211.1049296557974,0.039734996448863635,0.5870431661605835,0.12064450234174728,0.12687666714191437,0.056198492646217346,0.0676676407456398,-321.1828918457031,145.5174560546875,23.456737518310547,12.029658317565918,13.598014831542969,17.675390243530273,-6.767304420471191,-2.339782238006592,-6.177292823791504,0.28402793407440186,-5.161062717437744,-3.426816940307617,-7.038042068481445,tired
happy_1.wav,outside,,4.715,156.56411327587728,93.1278244608498,0.07707928121089935,4.4541658381387945,845.4831320376397,1569.0456081081081,1139.0993063886322,0.048287056587837836,0.471020370721817,0.19695483148097992,0.14820286631584167,0.05130162090063095,0.043339893221855164,-259.41552734375,157.9031524658203,1.5423939228057861,9.3502836227417,5.859116077423096,23.285247802734375,3.0250871181488037,7.70224666595459,4.321520805358887,-0.5080961585044861,-1.108084797859192,1.9427098035812378,4.4231672286987305,happy
happy_13.wav,outside,,6.328,221.6735215049966,94.10215584843222,0.1088280901312828,6.320987654320987,908.0097852651197,1584.1224747474748,1001.2741095607939,0.07170336174242424,0.49016085267066956,0.23410753905773163,0.13155940175056458,0.05031605809926987,0.07946348935365677,-287.56549072265625,126.99047088623047,17.297832489013672,9.799064636230469,6.8508992195129395,1.9843343496322632,-7.490379810333252,-6.2932868003845215,-1.058003544807434,-3.648674488067627,-9.973976135253906,2.850498676300049,1.7693885564804077,happy
happy_14.wav,outside,,4.219,245.57429111155128,109.89355890306824,0.10564438253641129,4.977777777777778,1066.2808121221901,1945.4900568181818,1268.3594558154546,0.06277003432765152,0.4131409227848053,0.3019784688949585,0.13363111019134521,0.06661496311426163,0.07327881455421448,-284.69659423828125,113.81153106689453,14.58813190460205,7.640287399291992,-11.807215690612793,7.266642093658447,-14.022425651550293,-0.9396041035652161,-0.39601224660873413,-4.999958515167236,-6.663043975830078,3.1761276721954346,-6.780559539794922,happy
happy_15.wav,outside,,5.234,209.15685482403435,100.13801416583921,0.08779823780059814,6.113432835820896,1022.622566445829,1687.8810975609756,1170.9720706001501,0.07511194740853659,0.46376946568489075,0.2781613767147064,0.07956783473491669,0.05492079630494118,0.10842500627040863,-314.81982421875,121.68042755126953,27.43056297302246,3.7596848011016846,-7.39385986328125,2.1679158210754395,-9.170793533325195,-2.3665177822113037,-2.1486523151397705,-1.9545680284500122,-1.8611418008804321,0.963317334651947,1.0455360412597656,happy
happy_16.wav,outside,,4.688,222.0612168105312,104.70789736685339,0.0940062627196312,5.973333333333334,986.9321052422795,1663.3184523809523,1138.2688714221035,0.07089046556122448,0.35125207901000977,0.33990511298179626,0.16178405284881592,0.044848520308732986,0.08417361974716187,-283.27777099609375,120.43228912353516,22.399974822998047,-1.5291000604629517,-2.6022942066192627,9.09066390991211,-10.31122875213623,1.142249345779419,4.221919059753418,-4.480800628662109,-2.08354115486145,-0.9593351483345032,-1.8448015451431274,happy
happy_17.wav,outside,,5.391,198.0559744363687,92.7566080848417,0.09991510212421417,6.121739130434783,779.9871375162292,1319.5728550295858,958.0659207852348,0.05480884800295858,0.48288217186927795,0.2105005532503128,0.13069266080856323,0.043433014303445816,0.08828050643205643,-297.1239318847656,128.9178466796875,37.589866638183594,22.905933380126953,17.460725784301758,13.208501815795898,1.8310424089431763,1.4408067464828491,4.309225559234619,-1.4009360074996948,-6.9369120597839355,0.04640631005167961,-1.630462646484375,happy
happy_18.wav,outside,,4.219,214.16066167869107,114.79519319866657,0.09948796778917313,6.637037037037037,791.385399897786,1326.2310606060605,1104.8874100243825,0.053888494318181816,0.4622921347618103,0.2960551977157593,0.1340419501066208,0.0433833971619606,0.04034842178225517,-305.7498779296875,125.6676254272461,16.657304763793945,7.871837139129639,2.2392683029174805,6.978276252746582,-11.861739158630371,4.210459232330322,0.16572050750255585,-5.1591033935546875,-3.4358413219451904,0.7856239676475525,-0.697886049747467,happy
happy_19.wav,outside,,4.453,185.17140950302613,91.44398456310722,0.087374247610569,6.96140350877193,811.9054318318482,1427.5111607142858,1119.22811757635,0.04928501674107143,0.5288929343223572,0.21426734328269958,0.09235891699790955,0.042724523693323135,0.06428398191928864,-305.74468994140625,142.4107208251953,32.594451904296875,14.390902519226074,9.494400024414062,10.63737964630127,-4.604098796844482,5.403062343597412,6.7097859382629395,-5.083317279815674,1.3272591829299927,-0.5058829188346863,-0.0218516755849123,happy
happy_2.wav,outside,,4.459,173.66591085612984,100.43398921181847,0.07535715401172638,5.382749968460449,1204.2439418977592,2269.0290178571427,1336.7496505863041,0.07984793526785715,0.4484656751155853,0.14627736806869507,0.09921404719352722,0.10150083899497986,0.14172354340553284,-239.44009399414062,133.72528076171875,3.589303493499756,15.099055290222168,1.127507209777832,17.01266098022461,3.0145747661590576,2.0812976360321045,2.058300256729126,-2.97013258934021,-1.531227707862854,0.2888031601905823,3.014904022216797,happy
happy_20.wav,outside,,4.688,228.22018740635014,107.29260203844207,0.10855233669281006,6.4,1006.9881794701988,1859.640731292517,1268.452692328549,0.0642837213010204,0.42434099316596985,0.3118276000022888,0.07372953742742538,0.0899881049990654,0.08156277239322662,-304.64117431640625,110.35321044921875,25.22002601623535,20.01567840576172,-11.384467124938965,4.167416572570801,-0.5696493983268738,-2.654101848602295,-3.3759496212005615,-1.4070677757263184,-4.3533501625061035,-2.9349398612976074,4.654450416564941,happy
happy_21.wav,outside,,4.961,225.7852955398171,99.62364512917952,0.10124815255403519,5.845669291338583,1088.1933055263687,1882.1113782051282,1225.4371963388553,0.08248823116987179,0.42383724451065063,0.2750984728336334,0.13397973775863647,0.06217584013938904,0.08881314843893051,-255.718505859375,128.20433044433594,22.443517684936523,7.49122953414917,-0.06452345103025436,1.037530779838562,-9.202010154724121,-3.1082637310028076,-3.584728479385376,-9.562581062316895,-0.9927955865859985,-6.242123126983643,-1.3301440477371216,happy
happy_3.wav,outside,,5.824,161.68864269920562,97.0241569296682,0.06940650194883347,4.292536352417234,846.9254869857591,1562.6280737704917,1088.138197330953,0.05077057718579235,0.43879663944244385,0.2287641316652298,0.1560073345899582,0.056938353925943375,0.04158744961023331,-255.35531616210938,159.6470947265625,-9.073454856872559,6.518479347229004,8.162110328674316,16.03660011291504,1.758618950843811,5.588582515716553,6.2032341957092285,-1.901322841644287,0.21350976824760437,1.3397361040115356,2.2661185264587402,happy
happy_4 from trash.wav,outside,,5.234,194.4009328914171,111.88867799536376,0.09639164805412292,5.731343283582089,1207.7068290527013,2182.402820121951,1466.5911746020658,0.08057533822408537,0.4347307085990906,0.2641580104827881,0.08352214097976685,0.061698757112026215,0.12236611545085907,-261.0007629394531,127.94174194335938,23.764854431152344,3.7792954444885254,-5.692665100097656,5.850688457489014,-10.296222686767578,1.699777603149414,0.5971530675888062,-0.5717945694923401,0.7859252095222473,3.7524027824401855,3.0617995262145996,happy
stressed_1.wav,outside,,4.971,152.6282812379949,88.95394631134104,0.0829811692237854,5.633023600860041,911.3372619949895,1670.1722756410256,1183.5141011749843,0.055282201522435896,0.4904707968235016,0.15623943507671356,0.1049528568983078,0.048421695828437805,0.10239045321941376,-246.46669006347656,157.00827026367188,12.67143726348877,14.10654067993164,7.233611106872559,28.132305145263672,-3.7546300888061523,9.903096199035645,1.9782599210739136,1.6675149202346802,-1.5594475269317627,0.3967221677303314,3.2699949741363525,stressed
stressed_13.wav,outside,,5.156,201.66407876152266,98.20400254148507,0.0801241397857666,5.042424242424242,855.1614148088021,1502.0736882716049,1042.6412939970633,0.05926589023919753,0.4546011686325073,0.25829413533210754,0.13760733604431152,0.04613879695534706,0.0728822648525238,-315.05029296875,124.48009490966797,27.10652732849121,8.850951194763184,8.034523010253906,9.585613250732422,-3.4782164096832275,-2.6160964965820312,3.43389892578125,-0.07343395799398422,-0.5420288443565369,1.313591718673706,0.6853998303413391,stressed
stressed_14.wav,outside,,4.219,216.86214357918453,103.3385698071233,0.11041255295276642,4.266666666666667,788.5772843134334,1290.0094696969697,1073.254989444097,0.05179480350378788,0.5330364108085632,0.23840323090553284,0.1260707676410675,0.044267185032367706,0.03779194876551628,-296.0461730957031,120.27945709228516,19.693998336791992,8.241695404052734,1.8129148483276367,5.758077621459961,-8.431066513061523,-3.772246837615967,1.1410619020462036,-5.278345108032227,-3.3536882400512695,2.877453565597534,-1.6062644720077515,stressed
stressed_15.wav,outside,,4.453,247.0279832156003,111.02925269959852,0.11266697198152542,5.1649122807017545,962.0728628394676,1583.091517857143,1098.9609948183152,0.06317313058035715,0.4063498377799988,0.3239860534667969,0.13695557415485382,0.06854063272476196,0.054122474044561386,-287.5621032714844,117.31238555908203,8.861239433288574,9.184418678283691,-14.760430335998535,2.90315842628479,-9.597519874572754,-6.135499954223633,0.310433030128479,-4.144578456878662,-2.3121654987335205,0.42114999890327454,-1.6603044271469116,stressed
stressed_16.wav,outside,,5.508,187.22494494013122,84.5360697132639,0.08457083255052567,5.265248226950354,990.5212348758562,1689.3515173410406,1111.660122719335,0.07317727149566473,0.4741443991661072,0.211471825838089,0.08702052384614944,0.08468946069478989,0.12498009949922562,-315.82623291015625,117.50383758544922,25.7379207611084,14.351362228393555,-7.173899173736572,1.7011679410934448,-5.6858415603637695,-4.70205020904541,-2.0464022159576416,-3.068572759628296,-0.04104473069310188,1.5790913105010986,-0.6072980761528015,stressed
stressed_17.wav,outside,,6.797,209.0042346714701,103.16349968568336,0.09640786051750183,5.002298850574713,895.5548920110756,1639.3412558685445,1027.3998292404674,0.0658033487382629,0.47980719804763794,0.2081546038389206,0.13880854845046997,0.07484845817089081,0.06847978383302689,-290.6383056640625,126.77367401123047,19.97983169555664,12.168349266052246,5.065730094909668,7.825342178344727,-5.69381856918335,-6.954334259033203,2.4738030433654785,-0.6071575284004211,-8.629121780395508,1.2178313732147217,1.2218811511993408,stressed
stressed_18.wav,outside,,4.219,201.63299951967898,108.21748419950003,0.08060242235660553,3.3185185185185184,999.7293405693795,1782.315340909091,1192.8910222088768,0.06471946022727272,0.46240025758743286,0.2709274888038635,0.12268473953008652,0.05076172202825546,0.0705096498131752,-316.70269775390625,109.25739288330078,19.897674560546875,5.903079032897949,2.4505794048309326,7.7905497550964355,-10.709284782409668,5.775784492492676,2.2059202194213867,-4.163686752319336,1.7376155853271484,0.515389621257782,-0.5883392095565796,stressed
stressed_19.wav,outside,,4.453,211.18346591564114,111.53141586963612,0.10017137229442596,4.71578947368421,962.7446839425819,1773.6049107142858,1219.7402638450626,0.06742466517857143,0.4293650984764099,0.3052975833415985,0.1072535514831543,0.07452855259180069,0.04506990313529968,-311.0955505371094,117.82999420166016,20.023500442504883,19.991825103759766,3.4209282398223877,1.812497615814209,2.6240696907043457,-5.657941818237305,5.892930507659912,-0.050221361219882965,-5.009854793548584,1.2466914653778076,5.3351640701293945,stressed
stressed_2.wav,outside,,5.333,157.75816948464342,99.54251720349734,0.06384500116109848,5.437457519863126,880.3102980272189,1651.6654191616767,1126.264558098653,0.04652413922155688,0.44785818457603455,0.2152383029460907,0.15488453209400177,0.058215346187353134,0.04046935588121414,-270.9595642089844,157.490966796875,-11.981621742248535,4.478373050689697,1.8753435611724854,18.76976776123047,1.2548043727874756,5.93497371673584,6.431371688842773,-0.35351964831352234,-1.524382472038269,2.664222240447998,2.2172515392303467,stressed
stressed_20.wav,outside,,4.688,225.1057844696,96.55736535645087,0.08508939296007156,4.693333333333333,1201.6295561824995,2155.612244897959,1250.5442672786335,0.09907791241496598,0.45596858859062195,0.23642852902412415,0.1413019299507141,0.07183201611042023,0.08264608681201935,-294.1744689941406,113.32327270507812,12.614409446716309,8.811756134033203,2.475879669189453,1.4718449115753174,-7.148528099060059,-4.090928077697754,-0.6733272075653076,-7.859241962432861,-3.3788838386535645,-1.5355453491210938,-3.9317033290863037,stressed
stressed_3.wav,outside,,6.464,149.02006009216365,103.6317240769351,0.05820116400718689,3.7128353879622917,1018.4118150535006,1897.6677955665025,1239.3256131789597,0.06176397013546798,0.39600670337677,0.19899234175682068,0.1275118589401245,0.07029680162668228,0.10859652608633041,-257.73162841796875,149.67503356933594,-3.031137466430664,8.850520133972168,1.5547271966934204,21.387603759765625,-1.3036365509033203,7.940977096557617,5.012943267822266,2.54264497756958,-0.6389166116714478,2.122513771057129,1.8102011680603027,stressed
stressed_intense_1.wav,outside,,4.922,193.54088496592533,99.12607068783925,0.07987424731254578,3.453968253968254,967.913492086507,1651.2276785714287,1041.1870862888554,0.07369242086038962,0.4511886239051819,0.2666727304458618,0.14257317781448364,0.05850013718008995,0.060038454830646515,-296.97662353515625,118.05712127685547,14.113163948059082,3.546980142593384,-4.093910217285156,4.22051477432251,-7.33873176574707,-1.276132345199585,1.7680045366287231,-2.9644851684570312,-0.45580530166625977,0.026070136576890945,0.6402133703231812,stressed_intense
stressed_intense_2.wav,outside,,4.922,195.79188450537737,96.96597851852727,0.09040486067533493,7.111111111111111,994.2173885240207,1729.2512175324675,1046.5273192259388,0.07445654931006493,0.38056930899620056,0.2904910147190094,0.12925250828266144,0.05480208620429039,0.12657681107521057,-278.7456970214844,127.39692687988281,16.177682876586914,-7.277286529541016,-9.917135238647461,8.415563583374023,-10.864256858825684,-3.5692873001098633,-0.14914396405220032,-2.018429756164551,1.2101572751998901,-1.5334035158157349,1.544778823852539,stressed_intense
stressed_intense_3.wav,outside,,4.922,231.2518870597141,98.02158614825879,0.11637777090072632,4.673015873015873,1331.3650215162763,2195.971996753247,1178.0903025039247,0.1208686333198052,0.3298720717430115,0.2980847656726837,0.1786985993385315,0.08264617621898651,0.0979388952255249,-260.8780822753906,101.81233978271484,13.153107643127441,2.7156381607055664,-9.873356819152832,11.893248558044434,-7.3977274894714355,-9.950695037841797,6.6787214279174805,-10.208230972290039,0.05434665456414223,3.254786491394043,-3.0771403312683105,stressed_intense
stressed_intense_4.wav,outside,,4.453,198.05611212231747,96.31612694559907,0.09380386769771576,5.614035087719298,1030.7365936334968,1789.341517857143,1142.0963454659902,0.07649274553571428,0.314336895942688,0.32406216859817505,0.16093692183494568,0.07503704726696014,0.10608457028865814,-285.0033874511719,123.78325653076172,14.982927322387695,1.3774605989456177,-7.255538463592529,6.101775169372559,-7.654711723327637,-4.689703941345215,5.464654445648193,-3.860126256942749,1.7253576517105103,0.6611188650131226,-0.19865946471691132,stressed_intense
stressed_intense_5.wav,outside,,4.453,205.99755651756897,94.56147687208382,0.11217068880796432,5.1649122807017545,827.9298679075903,1446.9308035714287,1007.4383724990596,0.0553466796875,0.4287149906158447,0.2847275137901306,0.14878509938716888,0.06484363228082657,0.05463229864835739,-278.07171630859375,125.88060760498047,12.356122970581055,5.4718017578125,-6.549227714538574,7.252877235412598,-10.298904418945312,-8.412155151367188,6.258634090423584,-8.781620979309082,-0.5954575538635254,0.5444908738136292,-0.9173636436462402,stressed_intense
stressed_intense_6.wav,outside,,4.453,242.98825729732613,109.86285491288857,0.11655499786138535,5.1649122807017545,938.9101879762575,1582.2544642857142,977.143559233843,0.07392926897321428,0.3895474076271057,0.31900322437286377,0.12890073657035828,0.0766640156507492,0.0647803470492363,-266.2796936035156,123.44009399414062,13.54391860961914,9.498655319213867,-11.352099418640137,4.208403587341309,-5.620772361755371,-5.452455997467041,2.117060422897339,-5.047096252441406,2.403165102005005,-0.7219031453132629,0.8807761669158936,stressed_intense
stressed_intense_7.wav,outside,,5.425,198.05882315457694,108.99614919505883,0.0893079936504364,4.7927371598423925,979.2822597030088,1783.639705882353,1104.181559409984,0.06732823988970588,0.44676050543785095,0.19595928490161896,0.10359539091587067,0.10610450804233551,0.11621104180812836,-296.7381286621094,119.68843841552734,24.495559692382812,14.044106483459473,-7.293028831481934,7.168724060058594,-1.1480540037155151,-4.983843803405762,2.6109158992767334,-4.894353866577148,3.523134469985962,0.9222688674926758,1.8275128602981567,stressed_intense
stressed_intense_8.wav,outside,,4.336,198.49735596176674,91.23486673475149,0.14118626713752747,7.610810810810811,661.1862265924593,1235.006893382353,840.6414677510091,0.04312672334558824,0.5803245306015015,0.19441372156143188,0.08833563327789307,0.058475691825151443,0.023835480213165283,-267.3324890136719,153.70303344726562,34.09839630126953,27.120756149291992,2.3170549869537354,7.3435378074646,-1.227990746498108,-7.271978378295898,3.6816651821136475,-0.6381171345710754,-7.422835826873779,-0.09307684749364853,-1.1165895462036133,stressed_intense
stressed_intense_9.wav,outside,,5.77,211.20771199516767,98.39058112824948,0.11284428089857101,5.372267833546347,877.1104957501598,1603.850138121547,1152.8235613263905,0.054061636740331494,0.4953915476799011,0.22982800006866455,0.1141798347234726,0.07801283150911331,0.04686833545565605,-278.9819641113281,120.77520751953125,17.931640625,22.00695037841797,-2.7518389225006104,10.818269729614258,-5.250638484954834,-10.505541801452637,5.0814714431762695,-1.6700875759124756,-2.404120922088623,1.0929607152938843,3.968153715133667,stressed_intense
tired_1.wav,outside,,7.872,138.3334026264497,78.19444633075598,0.04563041403889656,4.1920398878946905,977.9074226739401,1781.4081477732793,1194.8473342189086,0.06144040991902834,0.39054563641548157,0.19355788826942444,0.1672467589378357,0.06668135523796082,0.08835022896528244,-282.4508361816406,153.43870544433594,-6.908934116363525,-0.5814366340637207,7.653773784637451,19.006227493286133,2.9871578216552734,4.440556526184082,5.8128342628479,0.5584053993225098,-1.9235947132110596,3.4207472801208496,1.5304226875305176,tired
tired_13.wav,outside,,6.246,195.41983986873117,93.71982860019327,0.08101602643728256,3.842228492525665,787.8133581906737,1451.3313137755101,1082.2254840484943,0.04325275031887755,0.52049720287323,0.20228636264801025,0.12646861374378204,0.0576196163892746,0.05369258671998978,-293.9285583496094,140.21002197265625,21.543655395507812,11.421485900878906,6.876461029052734,9.812589645385742,-5.964472770690918,3.6208722591400146,2.9660027027130127,-3.4768006801605225,-4.042611598968506,3.336625814437866,-2.7613394260406494,tired
tired_14.wav,outside,,7.148,183.212315796179,85.68950143722016,0.07087831944227219,5.175956284153005,908.6123895845677,1558.9425223214287,1187.3890171281475,0.058033534458705356,0.5834556818008423,0.16994217038154602,0.07436215877532959,0.05385170504450798,0.08036171644926071,-352.2186584472656,122.77210998535156,31.176210403442383,12.985109329223633,5.94857931137085,8.22354507446289,-4.896772861480713,2.7893707752227783,2.0259640216827393,-1.2334870100021362,-0.37213844060897827,3.6796436309814453,3.0144801139831543,tired
tired_15.wav,outside,,6.918,196.99693473897335,98.01861460251722,0.06586528569459915,5.782017924255565,946.1343633005265,1625.14400921659,1156.0458345510017,0.0626642605126728,0.45945829153060913,0.23330730199813843,0.13687384128570557,0.04887019470334053,0.0830359235405922,-316.18212890625,135.1253662109375,19.163494110107422,1.926706314086914,9.135462760925293,11.678902626037598,-5.227679252624512,4.60897970199585,3.753018379211426,-0.9562588334083557,-2.9997265338897705,2.8491504192352295,-0.8184043169021606,tired
tired_16.wav,outside,,6.814,192.68244337937455,90.83256895923681,0.06043340638279915,4.549707387770827,1109.955815732145,2128.080985915493,1334.061074027101,0.06545948870305164,0.5312395691871643,0.1844266802072525,0.10317260026931763,0.07394329458475113,0.08645375818014145,-344.78900146484375,115.18871307373047,17.273418426513672,7.509990215301514,-0.25724413990974426,8.886612892150879,-7.237872123718262,0.8516802191734314,3.285501718521118,0.5487242341041565,-2.344590663909912,6.000156879425049,-0.45421597361564636,tired
tired_17.wav,outside,,7.5,208.1472984897182,83.54066847927571,0.08776506781578064,4.533333333333333,893.7430721553415,1549.8337765957447,1031.1273267812019,0.06215093085106383,0.5208154320716858,0.1926957368850708,0.13193947076797485,0.07583323121070862,0.05342809855937958,-306.4739990234375,122.78314208984375,17.243968963623047,16.620481491088867,10.064225196838379,8.06290340423584,3.5139949321746826,-7.053726673126221,5.103557586669922,0.5715766549110413,-8.900897979736328,2.728017568588257,1.6848136186599731,tired
tired_18.wav,outside,,5.391,179.1638523780835,88.41779690767554,0.06247478723526001,5.379710144927536,946.5749194935247,1653.799926035503,1131.867499081291,0.06567527274408284,0.5045305490493774,0.20346906781196594,0.10587399452924728,0.05576430633664131,0.08235453069210052,-322.5775146484375,136.7213134765625,18.125450134277344,6.2237629890441895,10.27863883972168,7.461472511291504,-5.458930015563965,8.457174301147461,1.4462028741836548,-2.7941415309906006,3.203660249710083,1.9910681247711182,1.5130590200424194,tired
tired_19.wav,outside,,5.859,198.20130086153617,83.97130202681802,0.09056655317544937,5.461333333333333,1076.275705462076,1997.4949048913043,1313.2805513366618,0.07556417713994565,0.5221206545829773,0.20178240537643433,0.09338796883821487,0.0907798558473587,0.07468710094690323,-308.2945251464844,108.0063705444336,11.835092544555664,18.71438217163086,3.753472328186035,-1.4319900274276733,-0.8071441650390625,-4.434039115905762,1.2473253011703491,-0.00846900139003992,-7.743146896362305,0.7687128186225891,2.0912086963653564,tired
tired_2.wav,outside,,5.696,147.59853351731147,81.11946300109719,0.048489537090063095,2.633426966292135,926.0968887517502,1638.268156424581,1107.8485306822802,0.05625327339385475,0.39437803626060486,0.23191897571086884,0.15810614824295044,0.07190535217523575,0.061720993369817734,-284.2837219238281,158.51612854003906,-9.39897346496582,0.6963922381401062,2.2756385803222656,20.61307716369629,0.9632505178451538,3.097719430923462,7.353096008300781,1.4738812446594238,-0.2732005715370178,2.7583160400390625,1.1298258304595947,tired
tired_20.wav,outside,,6.159,209.61719201197354,90.20509454039089,0.0748724415898323,4.221507362268248,1106.2256887940534,1998.8261010362694,1289.1942482061754,0.06981156897668393,0.4546844959259033,0.23893485963344574,0.1499108523130417,0.05424944683909416,0.08069384843111038,-307.2804260253906,116.12736511230469,16.05927848815918,3.4654059410095215,-0.36294737458229065,14.368353843688965,-6.004706859588623,-2.7088842391967773,4.81335973739624,1.9641996622085571,-6.031759738922119,4.0909504890441895,0.7119084596633911,tired
tired_21.wav,outside,,7.611,184.28479997109983,82.96798033316219,0.0552118755877018,4.729763019165394,953.3200945049277,1672.7284663865546,1200.4063627634544,0.06705455619747899,0.5514203310012817,0.1688724160194397,0.11662784963846207,0.04823930561542511,0.07980135828256607,-349.6163635253906,131.1204833984375,27.181596755981445,14.15368366241455,13.123697280883789,7.704161167144775,-6.196269512176514,0.2972474992275238,2.8621811866760254,-2.4851956367492676,-3.3966054916381836,4.932582378387451,-2.813199758529663,tired
tired_3.wav,outside,,5.845,149.2664494105466,77.50501057328444,0.05040709674358368,4.4479609948035845,837.3414266702857,1523.9497950819673,1118.610511935281,0.04272060706967213,0.4746370315551758,0.1914343535900116,0.13792620599269867,0.05852804332971573,0.04543594270944595,-292.0323181152344,159.03480529785156,-4.969128131866455,6.211421012878418,3.833296060562134,20.374771118164062,-0.12640607357025146,3.8553407192230225,8.805683135986328,-0.7693539261817932,-2.675290822982788,3.404578685760498,1.3965927362442017,tired
