environment,file,label,main_freq_mean,main_freq_std,main_freq_velocity_mean,main_freq_velocity_std,main_freq_range,main_freq_jump_count,main_freq_jump_ratio,main_freq_smoothness,peak_energy_mean,num_frames
outside,happy_1.wav,happy,174.59353885135135,199.79121898994921,32.88321659482759,85.67548944604287,990.52734375,38,0.09359605911330049,0.01675100331530274,34.45213334478383,407
outside,happy_13.wav,happy,239.03093434343435,201.37044279122765,45.68929173693086,150.96400271288852,1851.5625,54,0.09106239460370995,0.011527012785345896,51.66124260867083,594
outside,happy_14.wav,happy,244.43655303030303,171.98400227876704,37.85601265822785,98.5342882888732,890.625,37,0.09367088607594937,0.014011099529036805,52.82755461215474,396
outside,happy_15.wav,happy,219.8637983706721,207.89445161488226,46.588010204081634,145.82972925972325,1851.5625,52,0.10612244897959183,0.011458296720677656,41.125519740909276,491
outside,happy_16.wav,happy,223.0291193181818,201.6971359161935,45.4869020501139,137.07643742362274,1593.75,48,0.10933940774487472,0.011726260096079032,40.04220126037994,440
outside,happy_17.wav,happy,222.3320158102767,214.17152752498203,43.7654702970297,112.77479825354523,960.9375,46,0.09108910891089109,0.012173196324491766,46.09338855654325,506
outside,happy_18.wav,happy,247.81013257575756,197.88391187370152,37.55933544303797,92.07813154068425,1054.6875,41,0.10379746835443038,0.013725114521101492,47.39285994302999,396
outside,happy_19.wav,happy,189.7428229665072,161.26790022511517,31.362410071942445,83.42512561482798,843.75,30,0.07194244604316546,0.017405584640408363,41.376035219592566,418
outside,happy_2.wav,happy,158.78639914772728,121.2956643811086,41.04766845703125,106.7346293805412,947.4609375,55,0.14322916666666666,0.012779607683457584,33.316691001669156,385
outside,happy_20.wav,happy,251.10085227272728,213.3559225407687,46.981776765375855,109.20066111594103,867.1875,71,0.16173120728929385,0.011159093514732295,49.55914090229437,440
outside,happy_21.wav,happy,263.3449570815451,189.96719460176283,54.98991935483871,103.24438604686992,890.625,91,0.1956989247311828,0.009884841068958218,44.72732769788738,466
outside,happy_3.wav,happy,169.9064095181773,165.8819494571288,40.788442645958085,103.12788641084404,947.4609375,62,0.12375249500998003,0.013169062990303248,30.75643652368827,502
outside,stressed_1.wav,stressed,143.5546875,117.0653049440485,27.318993684287385,52.37538390978853,732.12890625,42,0.09813084112149532,0.020659746568836276,36.739053424421726,429
outside,stressed_13.wav,stressed,241.00916838842974,221.57610925563415,40.37267080745342,100.71438776154854,1101.5625,47,0.09730848861283643,0.01311091919240002,36.24230031537716,484
outside,stressed_14.wav,stressed,253.66950757575756,202.02123853629493,41.35680379746835,124.76363021662907,1429.6875,52,0.13164556962025317,0.012973088661100696,55.45509147681672,396
outside,stressed_15.wav,stressed,304.01465311004785,235.24711257659948,42.71582733812949,107.09624414230152,890.625,47,0.11270983213429256,0.012519373429435576,54.158070506238374,418
outside,stressed_16.wav,stressed,224.53759671179884,173.31186422510203,34.520348837209305,79.21626222634956,867.1875,53,0.10271317829457365,0.01562855625521584,39.63641166387259,517
outside,stressed_17.wav,stressed,226.77067006269593,189.30022987408066,38.8907967032967,116.2939723174572,1335.9375,56,0.08791208791208792,0.013373179520741834,44.90832394524988,638
outside,stressed_18.wav,stressed,226.91761363636363,208.0502270527279,24.68354430379747,72.96122139946992,820.3125,24,0.060759493670886074,0.021724521760706324,40.04088714989043,396
outside,stressed_19.wav,stressed,287.6981160287081,296.1871544649769,57.272931654676256,183.62726305468357,1898.4375,68,0.1630695443645084,0.009061564454052994,47.69309792464346,418
outside,stressed_2.wav,stressed,129.4800866168478,92.7587598489382,15.66904105392157,48.96067262891252,667.529296875,25,0.054466230936819175,0.03363989435314974,34.05575499560522,460
outside,stressed_20.wav,stressed,249.66264204545453,189.94038775413955,46.18095102505695,93.5938092021992,820.3125,65,0.1480637813211845,0.01193596680820189,38.39479332732153,440
outside,stressed_3.wav,stressed,130.62961105812388,131.49370316871676,27.342520514838128,90.50256074756264,861.328125,45,0.08093525179856115,0.01876156256561199,27.862031081848556,557
outside,stressed_4.wav,stressed,135.30863917151163,110.63660900453675,31.772768247377623,92.21134848640614,947.4609375,40,0.09324009324009325,0.01680334748053689,27.64697523616081,430
outside,stressed_intense_1.wav,stressed,250.35511363636363,233.14976841985543,41.53674078091106,109.51397359664584,1054.6875,48,0.10412147505422993,0.01252797943777288,40.0269793621854,462
outside,stressed_intense_2.wav,stressed,245.0791396103896,213.15972470119664,56.58554772234273,122.9284466968722,890.625,72,0.1561822125813449,0.009455778816999846,38.817783774736235,462
outside,stressed_intense_3.wav,stressed,276.93790584415586,206.5670568854045,31.82619305856833,80.06628605064861,914.0625,41,0.08893709327548807,0.016723091954284158,55.57578224172661,462
outside,stressed_intense_4.wav,stressed,269.1387559808612,258.68364632840365,55.58678057553957,119.86809426183618,1242.1875,65,0.15587529976019185,0.009647691134734298,39.8680140181566,418
outside,stressed_intense_5.wav,stressed,289.38023325358853,244.29344308511514,60.75764388489208,155.68141592138946,1781.25,66,0.15827338129496402,0.00847729623157691,53.18991908616816,418
outside,stressed_intense_6.wav,stressed,310.6870514354067,222.68313288308826,53.507194244604314,110.17465927455564,820.3125,64,0.15347721822541965,0.009840243877198014,53.97002896868666,418
outside,stressed_intense_7.wav,stressed,209.6482072691552,170.85341486990254,35.5714812992126,78.87159026289864,750.0,51,0.10039370078740158,0.015205618881059896,43.10481421365965,509
outside,stressed_intense_8.wav,stressed,265.2986793611794,210.01884782958027,29.03709975369458,64.6778729913789,843.75,36,0.08866995073891626,0.01837750457310588,67.92268563961697,407
outside,stressed_intense_9.wav,stressed,246.41866913123846,186.66185532809675,33.28993055555556,88.40892273950891,1101.5625,54,0.1,0.015719326897838958,55.63410532625341,541
outside,tired_1.wav,tired,121.01723582474227,139.4090445320918,34.141878111172566,137.2995620267095,1313.525390625,55,0.08112094395280237,0.015288470058704807,22.0902966106412,679
outside,tired_13.wav,tired,173.98144197952217,136.02023967642572,24.23878205128205,102.70399676683468,1734.375,30,0.05128205128205128,0.022052350732442962,42.068346683258575,586
outside,tired_14.wav,tired,161.338021609538,115.5905992173633,33.47714552238806,92.45576971128443,1125.0,58,0.08656716417910448,0.015576160790682246,33.21999907557993,671
outside,tired_15.wav,tired,157.52600154083206,107.7484223357807,24.486400462962962,58.70722634770207,562.5,52,0.08024691358024691,0.02184648371221394,30.05269458745384,649
outside,tired_16.wav,tired,162.81543427230048,130.51157408995186,29.609130094043888,108.44823995266968,1710.9375,43,0.06739811912225706,0.018911125872542872,31.331718770412916,639
outside,tired_17.wav,tired,190.16335227272728,184.34592414632448,35.07290184921764,139.97265206131718,1921.875,49,0.06970128022759602,0.014953928002268652,42.16693501942989,704
outside,tired_18.wav,tired,146.2296195652174,81.7101273279248,19.21410891089109,61.35379374076373,867.1875,25,0.04950495049504951,0.026564414752737478,31.091886418827638,506
outside,tired_19.wav,tired,169.77272727272728,151.40286174022657,28.81659836065574,133.7212834332647,1875.0,30,0.0546448087431694,0.018035845419969023,43.57305005199382,550
outside,tired_2.wav,tired,122.97169360997964,141.98276598539084,23.2470703125,100.20908301238914,1550.390625,39,0.07959183673469387,0.02218317224998279,24.994208014788306,491
outside,tired_20.wav,tired,187.09450692041523,153.36134244702302,38.019930675909876,118.48275219853474,1242.1875,50,0.08665511265164645,0.013895925309401461,33.79881802451866,578
outside,tired_21.wav,tired,148.109243697479,95.50288662459208,22.911553295932677,51.717071120490495,445.3125,51,0.07152875175315568,0.022596808042178593,25.588836343762665,714
outside,tired_3.wav,tired,118.603515625,56.647354252403545,15.240199428429424,36.66142388445325,387.59765625,32,0.0636182902584493,0.03352855479071787,28.9568525439217,504
cafe,happy_1.wav,happy,165.95354523227383,81.07679712502433,25.965073529411764,69.34124392586111,609.375,39,0.09558823529411764,0.019394690286572036,18.967885795607252,409
cafe,happy_13.wav,happy,252.79017857142858,173.90874177462644,32.675081433224754,95.6705020225196,773.4375,29,0.09446254071661238,0.016137325475616027,52.92009346783403,308
cafe,happy_14.wav,happy,258.9962121212121,185.8241793650483,44.798259493670884,102.84614241683755,914.0625,60,0.1518987341772152,0.011890323834025867,44.15249904243257,396
cafe,happy_15.wav,happy,281.99110671936756,194.56237084302495,47.524752475247524,105.96963303200938,1078.125,87,0.17227722772277226,0.011320850074545776,54.13844384110934,506
cafe,happy_16.wav,happy,261.1011610671937,228.60922411695674,41.21287128712871,113.31564783430042,960.9375,68,0.13465346534653466,0.012880472283983747,47.714013656722784,506
cafe,happy_17.wav,happy,304.6248328877005,226.81122247830044,46.30948391420912,102.47678092363289,1125.0,69,0.18498659517426275,0.01149418628229119,60.11928752198178,374
cafe,happy_18.wav,happy,323.4711423444976,242.72249529367235,47.66187050359712,120.38428586074951,914.0625,60,0.14388489208633093,0.011445649501058414,56.24749247560892,418
cafe,happy_19.wav,happy,306.61843039772725,198.25530578547568,39.66346153846154,84.651002301106,890.625,56,0.15954415954415954,0.013502923624088252,61.74276511187517,352
cafe,happy_2.wav,happy,237.72321428571428,97.33146943839321,49.0889657980456,76.68194083201806,445.3125,64,0.20846905537459284,0.010780674056360729,17.731356363791924,308
cafe,happy_20.wav,happy,313.21022727272725,209.43155998726255,45.62895569620253,95.55629995874159,914.0625,72,0.18227848101265823,0.011790251721126133,60.80592674383837,396
cafe,happy_21.wav,happy,370.3327922077922,205.75478191330228,70.97342733188721,146.601549822939,1546.875,99,0.21475054229934923,0.007517990571867803,60.19174417081587,462
cafe,happy_3.wav,happy,246.913243006993,74.62144209106063,31.99013157894737,62.27419823732063,468.75,41,0.14385964912280702,0.01675707768955891,23.33517992246401,286
cafe,stressed_1.wav,stressed,160.7333096590909,68.47858865546968,23.771367521367523,58.7961085671359,515.625,26,0.07407407407407407,0.02130492676431425,20.36794937198812,352
cafe,stressed_13.wav,stressed,496.78178267045456,212.80641949096096,76.18856837606837,142.96452088647288,1007.8125,83,0.23646723646723647,0.006945951812459301,56.064380306186315,352
cafe,stressed_14.wav,stressed,421.67524857954544,209.3221113204934,82.19818376068376,132.72251496363302,1031.25,96,0.27350427350427353,0.0065298507462686565,58.27192385535719,352
cafe,stressed_15.wav,stressed,383.23196308724835,190.32276682879913,76.88130605381166,137.73107622975613,1781.25,112,0.25112107623318386,0.006929474109363063,51.47840495031927,447
cafe,stressed_16.wav,stressed,455.60064935064935,244.23890968401577,74.15771484375,131.92631484705302,1359.375,93,0.2421875,0.007287620796358092,52.88453552318108,385
cafe,stressed_17.wav,stressed,380.7832792207792,182.51239119237823,57.86848534201955,105.00718445884806,914.0625,68,0.22149837133550487,0.009104246975013528,61.49718464154776,308
cafe,stressed_18.wav,stressed,377.2265625,207.12170414900956,50.340695488721806,109.50672424222421,1031.25,59,0.14786967418546365,0.010626740737897648,67.08299264625776,400
cafe,stressed_19.wav,stressed,363.68075284090907,216.5516277129527,69.57799145299145,160.38525914360008,1523.4375,70,0.19943019943019943,0.007527134648341678,56.075362141788155,352
cafe,stressed_2.wav,stressed,221.2631118881119,87.87548504313447,41.94078947368421,77.39006813170126,562.5,56,0.19649122807017544,0.01247772325486244,20.053936328087655,286
cafe,stressed_20.wav,stressed,334.29276315789474,205.7751876201845,58.50944244604317,132.95084741317586,1453.125,86,0.20623501199040767,0.009033892024902922,47.839027328281354,418
cafe,stressed_21.wav,stressed,317.1588302752294,170.3487911700703,43.911637931034484,91.77641103301906,820.3125,74,0.17011494252873563,0.011881377856561107,56.93244460961833,436
cafe,stressed_3.wav,stressed,191.2286931818182,77.29474738212222,33.2402566539924,60.2500409968283,351.5625,35,0.13307984790874525,0.016243843653004842,17.50625440388015,264
cafe,stressed_intense_1.wav,stressed,348.57954545454544,198.45997703163547,52.3681640625,116.15084849707415,984.375,63,0.1640625,0.010122601085602714,42.93926735819898,385
cafe,stressed_intense_2.wav,stressed,351.4441287878788,211.62028429253093,68.11708860759494,142.55759730354782,1242.1875,87,0.22025316455696203,0.007922792985613545,46.22274813495137,396
cafe,stressed_intense_3.wav,stressed,308.9488636363636,152.85048317161446,45.80710431654676,80.22799839664407,632.8125,77,0.18465227817745802,0.011882404187404936,44.110661547214384,418
cafe,stressed_intense_4.wav,stressed,344.9041193181818,185.51693004747196,61.930523917995444,106.5023969999003,890.625,113,0.25740318906605925,0.00885398505131976,39.40253610688008,440
cafe,stressed_intense_5.wav,stressed,404.97159090909093,211.49843155654392,70.52621580547113,148.2935493458403,1476.5625,70,0.2127659574468085,0.0076016877832707835,59.1182508115699,330
cafe,stressed_intense_6.wav,stressed,410.48916903409093,202.91291409397758,62.29967948717949,169.12580553201337,1921.875,65,0.18518518518518517,0.008338296605122097,61.78166961227742,352
cafe,stressed_intense_7.wav,stressed,372.0407196969697,190.980680033043,69.30379746835443,131.24506422838692,1054.6875,90,0.22784810126582278,0.007834179840656957,46.92017658450229,396
cafe,stressed_intense_8.wav,stressed,379.9937855113636,183.1763849306729,53.81944444444444,98.81472466970867,890.625,72,0.20512820512820512,0.00969738949738084,58.68826531768784,352
cafe,stressed_intense_9.wav,stressed,405.0232438016529,190.88871376169814,74.38858695652173,138.41344294073002,1429.6875,114,0.2360248447204969,0.007393438898193536,58.49711719145402,484
cafe,tired_1.wav,tired,148.08238636363637,42.798885030220134,13.132540214477212,38.71755127208364,328.125,14,0.03753351206434316,0.03863003563153488,21.660100276457435,374
cafe,tired_14.wav,tired,252.87319214876032,120.50368662845904,30.036878881987576,73.85229492077089,820.3125,53,0.10973084886128365,0.01725909000373738,39.56527067846061,484
cafe,tired_15.wav,tired,288.2191051136364,176.02467841497534,63.68595825426945,126.37109010962676,1195.3125,115,0.21821631878557876,0.00843568889788767,29.971639743635794,528
cafe,tired_16.wav,tired,293.73446377840907,205.97267468620262,70.84592816500711,184.16906747680162,1875.0,137,0.19487908961593173,0.007454544006498833,24.6000213009195,704
cafe,tired_17.wav,tired,276.03350313479626,192.74059847383404,51.474195447409734,158.9404354600337,1921.875,99,0.1554160125588697,0.010208657495327553,30.194643276881173,638
cafe,tired_18.wav,tired,246.3068181818182,113.18794693496878,29.1500569476082,83.80568142710523,867.1875,43,0.0979498861047836,0.01776952860544192,45.5179056748015,440
cafe,tired_19.wav,tired,336.79991883116884,237.55254648009497,62.34756097560975,164.9772353849787,1898.4375,117,0.1902439024390244,0.008527230021682635,41.08931811435695,616
cafe,tired_2.wav,tired,183.5430194805195,72.02354621503464,32.28375813449024,62.786305763234076,632.8125,61,0.13232104121475055,0.01662393982856562,14.897748796970813,462
cafe,tired_20.wav,tired,282.68411276223776,160.79548654239505,51.964754816112084,136.37074024709153,1875.0,98,0.17162872154115585,0.009941463095588476,38.2943953271545,572
cafe,tired_21.wav,tired,289.0802556818182,170.2902622963515,52.480780182232344,128.2841628868631,1476.5625,79,0.17995444191343962,0.009920963556597483,42.243911469171344,440
cafe,tired_22.wav,tired,264.327721402214,171.38653417021183,45.489532019704434,118.64804098593228,1359.375,123,0.15147783251231528,0.011489784841028165,35.98856667418813,813
cafe,tired_3.wav,tired,220.66761363636363,79.45030962622484,25.075987841945288,58.495958914445715,632.8125,31,0.09422492401215805,0.021431517562164874,23.547560782866043,330
cafe,tired_4.wav,tired,184.30397727272728,52.38184941603152,27.601793849658314,46.5285804544123,328.125,56,0.1275626423690205,0.019232510847103187,15.859641699899326,440
