start_sec,end_sec,label,pitch,pitch_std,pitch_velocity,energy,speech_rate,spectral_centroid,spectral_rolloff,spectral_bandwidth,zcr,low_band_ratio,low_mid_ratio,high_band_ratio,thickness_score,main_freq_velocity_mean,main_freq_jump_ratio,main_freq_smoothness,main_freq_std,main_freq_range,pitch_dist,pitch_std_dist,pitch_velocity_dist,energy_dist,speech_rate_dist,spectral_centroid_dist,spectral_rolloff_dist,spectral_bandwidth_dist,zcr_dist,low_band_ratio_dist,low_mid_ratio_dist,high_band_ratio_dist,thickness_score_dist,main_freq_velocity_mean_dist,main_freq_jump_ratio_dist,main_freq_smoothness_dist,main_freq_std_dist,main_freq_range_dist,neutral_profile_distance,baseline_like_score_v2
12.0,14.5,neutral,78.56183301633146,22.370575428044564,5.219336258193543,0.0710034966468811,6.0,1538.0513133713243,2410.6715425531916,2761.4923834468027,0.025594248670212767,0.5219233632087708,0.23989275097846985,0.12338951230049133,0.4714130664467363,36.95913461538461,0.1282051282051282,0.013789379071066345,144.87240825511344,609.375,0.19680700196222722,0.8123085156066978,0.4930378017588109,0.3440743117418745,0.16686590567798673,0.1486017972216031,0.07579578678705122,0.16577869539648116,0.05428765776899963,0.1685782063865266,0.2989815757673472,0.49336198775713397,0.23328859131756477,0.1307498900954717,0.008686262573835327,0.3239463534971399,0.09417439190288233,0.11005082322404493,3.071467318113181,-3.071467318113181
20.0,22.5,neutral,77.97580382996293,28.338208415709254,6.512417312519745,0.07430712133646011,7.2,1657.0046809582882,2800.8311170212764,2855.8051139629424,0.025004155585106384,0.5430280566215515,0.21517258882522583,0.1442577987909317,0.39347981729759307,38.16105769230769,0.13247863247863248,0.013866313561686126,158.75435449777925,468.75,0.2510678828864992,0.1569304072907109,0.04823615103651972,0.19885420763304043,0.4954633814746345,0.21667873957658823,0.43133640779841365,0.1058344519591084,0.11700271563249662,0.5478248771596402,0.3724280475719066,0.41024765675616426,0.05581429055815189,0.23983144755588215,0.11540320276665854,0.3097842230920175,0.22916650186822057,0.5717274474810132,3.3786913443158872,-3.3786913443158872
54.0,56.5,neutral,79.94644087381806,28.978725806404537,7.404995101580512,0.08849690109491348,8.0,1614.8156945701946,2608.1449468085107,2933.4423723174627,0.025895528590425532,0.546785295009613,0.21483536064624786,0.12215670943260193,0.4507574131448912,36.7588141025641,0.1282051282051282,0.014577989113433023,169.31110266956242,585.9375,0.06860512425805954,0.0865874293084742,0.2587980233827793,0.4248974250218837,0.9370162395763818,0.08712531954795444,0.18088155096326086,0.32942356849011206,0.022267645831650938,0.6153416196255771,0.38158730159392223,0.5467431104343036,0.15666392903560306,0.11256963051873684,0.008686262573835327,0.17877871582496233,0.47505625893194864,0.18699692726687298,3.5504432704875897,-3.5504432704875897
76.0,78.5,stressed,79.35712427798053,25.289039538424444,7.464951836012111,0.08631303161382675,6.8,1610.9859521781227,2458.344414893617,3085.316275379827,0.021820977393617023,0.5658196806907654,0.19400516152381897,0.142511785030365,0.4833386409143367,35.35657051282051,0.13247863247863248,0.015462271311431214,147.9844165359606,468.75,0.1231703888852182,0.491796598770914,0.27942229465940843,0.32889930683251556,0.27468695242376057,0.07536499375682375,0.013830247673592292,0.7668083052716136,0.4553107038257264,0.957385318560188,0.947343952386616,0.33464418666657375,0.27752796262888707,0.01469218651840846,0.11540320276665854,0.015999711218689962,0.021688911743079957,0.5717274474810132,3.7714092065771925,-3.7714092065771925
23.0,25.5,neutral,83.89398653848258,30.568984792936373,7.502385605855131,0.08348403126001358,8.0,1449.343457321995,2242.4202127659573,2691.5856827934044,0.021725398936170214,0.5278849005699158,0.21296365559101105,0.14437367022037506,0.4881543048876749,33.35336538461539,0.12393162393162394,0.01616631179993322,178.10093041613138,679.6875,0.29690108300238544,0.08805818453541352,0.29229898368305957,0.20454264876521253,0.9370162395763818,0.42100478953055576,0.29449006395108,0.3671044218578226,0.46546877657826463,0.2757057136515509,0.43242356950949556,0.4152649609424243,0.2953922548024727,0.19649478228575834,0.09803067761898719,0.11360033069135277,0.6797905742784879,0.12078748890443924,3.9902883830829143,-3.9902883830829143
158.0,160.5,stressed,87.6587248663034,28.296329123609578,6.819280285164051,0.1017506867647171,8.0,1583.8103374573736,2498.936170212766,2574.1418140060496,0.030026180186170214,0.5689522624015808,0.21442294120788574,0.12863905727863312,0.4873130072750698,34.25480769230769,0.11965811965811966,0.016325601152601454,152.44360638553962,656.25,0.6454810221395204,0.1615296799488371,0.05732038489839121,1.007504808020443,0.9370162395763818,0.008085549379408825,0.03893120508619403,0.7053334039303056,0.41673775921282763,1.0136771187543592,0.3927887806963626,0.2660534603546444,0.29227135881809213,0.11468361419045082,0.20474761781181006,0.14292237554356158,0.08217537401725937,0.04384138486161119,4.0350649368346465,-4.0350649368346465
104.0,106.5,neutral,74.61217366588303,33.83814780386989,8.0704442153891,0.05977793037891388,7.6,1524.6974000284367,2236.436170212766,2966.771536183284,0.02085480385638298,0.5058966875076294,0.22901980578899384,0.13563987612724304,0.46220924527061036,32.35176282051282,0.11965811965811966,0.017141963784842604,140.5161699750084,703.125,0.5625089169711938,0.44708459824264135,0.48770313594587505,0.8375256130525431,0.7162398105255079,0.18960882992019726,0.30226816509502896,0.4254089041577787,0.557995569693776,0.11941760972598843,0.0036679775393339935,0.03708630313251666,0.19914589541642755,0.2873960801694339,0.20474761781181006,0.29319872055513735,0.19564071041086725,0.1977335929472673,4.073064155798885,-4.073064155798885
75.0,77.5,stressed,79.86979466100614,22.70417164260457,5.769874080245884,0.08334220200777054,6.8,1682.4121200679965,2559.175531914894,2995.191864711294,0.02843459109042553,0.5547342896461487,0.2108662724494934,0.12771277129650116,0.4362430139800996,38.962339743589745,0.1581196581196581,0.013619359364040214,138.2226757642662,445.3125,0.07570185446096238,0.7756722719751556,0.3036605533530346,0.19830814554171308,0.27468695242376057,0.2946995908137474,0.11723075660194626,0.5072571852766425,0.24758376511621236,0.758183294362906,0.48938934571738585,0.30616221329012544,0.10282099712851123,0.3125524858628222,0.7557048439235957,0.35524364607615466,0.2490612074360616,0.6486735515238413,4.82699415435538,-4.82699415435538
60.0,62.5,neutral,80.27862117765703,33.97646148224952,8.494058094533742,0.06994625926017761,7.2,1657.1983067208482,2504.122340425532,2939.8520159770087,0.027379072473404254,0.48894089460372925,0.2584473788738251,0.1395738273859024,0.36709450020576373,39.66346153846154,0.1111111111111111,0.01313355856728659,158.48658846496377,843.75,0.03784830133651351,0.4622744996789463,0.6334203375721825,0.39054815117319247,0.4954633814746345,0.2172733231846074,0.04567222607761672,0.3478828313941709,0.13540330950122495,0.42410945638547703,0.8029327897275532,0.20742881304574026,0.1536938386808587,0.37618339438139486,0.41818149819745615,0.44467004221022094,0.22292964524461567,0.6594102172042356,4.842903418745724,-4.842903418745724
49.0,51.5,neutral,97.23749497872106,46.2428626798066,7.83651522318072,0.09201231598854065,6.8,1796.5001076984593,2797.1409574468084,2834.9677586650732,0.03339012632978723,0.5007104873657227,0.22813300788402557,0.1333778202533722,0.26590949106942485,35.35657051282051,0.1282051282051282,0.015178967683619501,162.6891220984269,703.125,1.5323865151775664,1.8093966885463058,0.4072348609386991,0.5794273625322305,0.27468695242376057,0.6450395787372833,0.42653991209297865,0.04582452939566005,0.7742577545684663,0.212612478720867,0.020417812985088,0.06086210796458071,0.5290519568565062,0.01469218651840846,0.008686262573835327,0.06815035118513063,0.32081584631422483,0.1977335929472673,4.856951469348378,-4.856951469348378
133.0,135.5,neutral,78.46579202402697,29.14722140378133,7.188297270547872,0.0796767845749855,4.0,1700.3098065538077,2855.186170212766,2646.569468085954,0.03336103723404255,0.49469608068466187,0.24951960146427155,0.1283034384250641,0.2967468259438155,43.068910256410255,0.14102564102564102,0.012443133079441795,163.85638486731912,656.25,0.20569950931254533,0.06808288553096067,0.18425702486704099,0.03718442502029713,1.2707480509323552,0.34965958614303727,0.5019874931892824,0.49674753251543563,0.7711661672089983,0.3206900359663356,0.5604507367925396,0.2805859632079284,0.41465710640581266,0.6852478071858901,0.3288370831523043,0.5717638296013875,0.34800394950679725,0.04384138486161119,4.944018697005564,-4.944018697005564
21.0,23.5,neutral,75.28038217124623,17.213278626553556,5.600192667347311,0.07345782220363617,7.2,1543.0096599102044,2404.5877659574467,2856.598242442804,0.02141373005319149,0.5477563738822937,0.23370207846164703,0.12137604504823685,0.5383351438776478,37.56009615384615,0.13247863247863248,0.013327232168392154,135.13848678563727,468.75,0.5006389914018264,1.378693785741742,0.36202856694480784,0.23618753695379707,0.4954633814746345,0.13337576771025325,0.08370352295006617,0.1081185987703988,0.4985929268582809,0.6327916920961502,0.13084040108693662,0.5805463585909489,0.4815441902771401,0.1852906688256769,0.11540320276665854,0.40901853177854697,0.32089871519443763,0.5717274474810132,4.964129883544013,-4.964129883544013
91.0,93.5,neutral,81.37926302193105,27.212186051876575,4.525829666232632,0.08388464152812958,5.6,1657.5025880523165,2467.619680851064,3260.837300355512,0.020489112367021278,0.5250400304794312,0.23867183923721313,0.14091132581233978,0.4531764026792257,40.86538461538461,0.1581196581196581,0.012746257838196377,157.30072667818357,492.1875,0.06406095069665534,0.2805925708747597,0.7315942912062128,0.22215259853535022,0.3876423347288606,0.218207706551393,0.001774190900471168,1.2722948685364368,0.5968612393556614,0.2245840276125145,0.265821118030622,0.2653433178233039,0.16563746540472019,0.4852649518418047,0.7557048439235957,0.515964508283728,0.19530833024139055,0.4947813434381852,4.970213577205368,-4.970213577205368
130.0,132.5,neutral,82.57723231123526,26.332954616966614,8.266810255560765,0.08555583655834198,6.0,1425.6130672414465,2159.1422872340427,2628.8018351260184,0.023273354388297873,0.5365313291549683,0.23688167333602905,0.11783962696790695,0.5680988680512303,36.65865384615385,0.1581196581196581,0.014492978991400627,137.7447366568247,421.875,0.17498182370073878,0.377151631355578,0.5552502850761893,0.2956146709793414,0.16686590567798673,0.49387577925445797,0.4027353048710346,0.5479168993962006,0.3009521635208521,0.43108012212188845,0.21719948658751873,0.7336754372951901,0.5919563510414041,0.1034795007303694,0.7557048439235957,0.19442741154361065,0.2601934547065006,0.7256196555666694,5.0033503453540655,-5.0033503453540655
145.0,147.5,neutral,99.36390572220608,38.889305542509476,7.5895344160832146,0.08880621194839478,9.2,1669.5842690604006,2540.126329787234,2754.874490575947,0.03289353390957447,0.5509374737739563,0.21210229396820068,0.13073202967643738,0.4097653560499593,34.95592948717949,0.13675213675213677,0.014325898827182316,148.90275852907084,679.6875,1.7292724772289074,1.00181345144089,0.32227694563544035,0.43849405253415413,1.5993455267290024,0.25530798385822173,0.09247046796037578,0.18483769943207706,0.7214799417889743,0.6899553532644833,0.45581850030100335,0.17542646780197776,0.004598899416739533,0.051052705671878175,0.22212014295948176,0.2251835919603115,0.0002987179151303382,0.12078748890443924,5.017867009303559,-5.017867009303559
70.0,72.5,stressed,93.3145403611788,26.574294979552818,6.2849145646133575,0.10608728229999542,6.8,1644.3956739740913,2576.130319148936,2912.1270019106846,0.02597448470744681,0.516941487789154,0.2663474678993225,0.14062194526195526,0.43211014356987054,40.16426282051282,0.13675213675213677,0.013526703265203936,160.1627495741401,867.1875,1.1691572113730269,0.35064712100465967,0.1264938886114844,1.1981320475787218,0.27468695242376057,0.1779591561540141,0.13926870984313425,0.2680370005098282,0.013876194427380268,0.07905500744008435,1.0175024096222083,0.25281296194661007,0.08748961085806932,0.421634043323232,0.22212014295948176,0.37229981612392093,0.26197110396167217,0.7363563212470637,5.027841186358579,-5.027841186358579
72.0,74.5,stressed,79.9887394458448,37.914278705231425,8.687953552220312,0.06658942252397537,5.6,1553.7958298676708,2345.246010638298,3033.8162328077824,0.02240483710106383,0.5007045269012451,0.26414188742637634,0.13705217838287354,0.46538803752262786,37.25961538461539,0.11965811965811966,0.014102355562448696,167.8348222019845,867.1875,0.06468866781971722,0.8947339367499786,0.7001176411619264,0.5381073402800426,0.3876423347288606,0.10025372978913731,0.16083635929422554,0.6184922871117312,0.3932581289678298,0.21271958694865103,0.9575979500395728,0.09823985973814428,0.21093801252916006,0.15802027946057462,0.20474761781181006,0.2663335214761939,0.4406704575825409,0.7363563212470637,5.063257401982401,-5.063257401982401
93.0,95.5,neutral,77.3263611312364,23.58094286294556,3.4689728704683445,0.08238369226455688,6.0,1840.7199070833842,2793.4507978723404,3086.889285350275,0.031644780585106384,0.4812949001789093,0.25235071778297424,0.14967095851898193,0.24019046910215433,34.75560897435897,0.13247863247863248,0.015706563641496002,157.00672630593834,726.5625,0.3112002683758754,0.6793833974748756,1.0951381276581214,0.15617415703572557,0.16686590567798673,0.7808291943160515,0.42174341638754365,0.7713384486208399,0.5887625130003773,0.5615062843634052,0.6373450034800399,0.644640803495734,0.624459802043781,0.06923296524861368,0.11540320276665854,0.02896971416487352,0.1884604184666975,0.27467969699009537,5.134828719417321,-5.134828719417321
19.0,21.5,neutral,75.61598593018874,30.795087679040897,5.043894882873601,0.06602264195680618,4.0,1485.4102137277469,2483.4773936170213,2695.5305682311964,0.021712932180851064,0.5505498051643372,0.19699138402938843,0.13900911808013916,0.4823987752318688,32.65224358974359,0.10683760683760683,0.01621906174816078,149.3844841846891,445.3125,0.46956518821028037,0.11288928290997297,0.5533871612101894,0.5630217723675636,1.2707480509323552,0.310251437963345,0.01883777713099314,0.35574346619624786,0.46679374258946543,0.6829890341294104,0.8662369387981763,0.18297655266164828,0.2740414163813726,0.26012569080433096,0.524898438390279,0.12331056129980862,0.010921726345152542,0.6486735515238413,5.2137139893543765,-5.2137139893543765
84.0,86.5,stressed,78.85122151192233,33.333930222707856,8.376281262410139,0.0816858634352684,5.6,1431.0601367827546,2003.0585106382978,2941.279655165065,0.01861078789893617,0.5637244582176208,0.22082966566085815,0.1334497332572937,0.6293465012899587,36.35817307692308,0.1111111111111111,0.01483911029025427,183.74583823272692,796.875,0.17001230458987546,0.39171035434984613,0.592906767931555,0.12549913043264824,0.3876423347288606,0.4771489851637276,0.6056141097090341,0.3519943184758621,0.7964894517098913,0.9197346343295482,0.218779547862746,0.05774823064939408,0.8191619079853619,0.07620911136526712,0.41818149819745615,0.1307114299056003,0.8112728251651606,0.5055180091185796,5.220521061774043,-5.220521061774043
57.0,59.5,neutral,81.40739704778505,27.086363710921113,5.877949771884578,0.08959967643022537,6.8,1285.3982253178233,1836.1037234042553,2646.075332940358,0.01780044880319149,0.5168580412864685,0.2748732268810272,0.12106771767139435,0.6669013826537213,33.35336538461539,0.13675213675213677,0.015632469242445844,162.7190781402598,750.0,0.06666590120474204,0.29441064714884196,0.2664840392567132,0.4733730129141194,0.27468695242376057,0.9244457897040622,0.822623131625207,0.4981706023531971,0.8826122424379328,0.07755549225110803,1.2490654791159261,0.5938971237105478,0.9584763154982145,0.19649478228575834,0.22212014295948176,0.015330388900169634,0.32151358805524394,0.3516258010329234,5.238676685844508,-5.238676685844508
64.0,66.5,neutral,75.16501556868101,25.421337933094723,6.3776074732339,0.06139056384563446,8.4,1475.9148556476473,2207.613031914894,2927.7348104590315,0.0202397772606383,0.5647841691970825,0.2017463892698288,0.12187380343675613,0.5774567156591207,32.95272435897436,0.11538461538461539,0.01583162758304385,144.48568192779948,585.9375,0.5113208714686195,0.47726730854621807,0.09460883498184011,0.7666377786489336,1.1577926686272557,0.33940966666211714,0.3397326856050488,0.31298624521878604,0.6233605595796742,0.9387774061472697,0.7370890692304483,0.558993114115919,0.6266704267553208,0.2328553014392287,0.31146455800463296,0.05199153227156057,0.10318209400262054,0.18699692726687298,5.255626832285276,-5.255626832285276
100.0,102.5,neutral,81.18970571045273,38.96832079935393,8.494689937958725,0.09045181423425674,5.6,1426.3564489087319,2297.473404255319,2819.3626755201417,0.018411319813829787,0.5189023613929749,0.2323533147573471,0.13838163018226624,0.5137350059296898,30.348557692307693,0.09401709401709402,0.018110010541502918,172.17498846944457,632.8125,0.04650969737054153,1.0104910744894025,0.6336376828016176,0.5108311240024823,0.3876423347288606,0.49159301198203575,0.22293153342675048,0.0008831336313292012,0.8176889078891014,0.1142914722164723,0.09420743221464982,0.15580594061388425,0.3902869816666734,0.46919867593678377,0.8450492589687476,0.47139713709933057,0.5417624237596291,0.03310471918121687,5.296130713962675,-5.296130713962675
52.0,54.5,neutral,81.82020201314442,23.79851850504556,2.7217945824699665,0.0994584932923317,6.0,1586.304096779945,2390.425531914894,2718.079227835822,0.02703623670212766,0.5532693862915039,0.2278537005186081,0.115458182990551,0.5132598358587974,34.15464743589744,0.13247863247863248,0.015342952859929707,186.31894111409,726.5625,0.10488782187240472,0.6554887791178349,1.3521569237912938,0.9067450044787708,0.16686590567798673,0.00042774395134135467,0.10211169565741138,0.29080512361677857,0.09896674419320753,0.7318593052204266,0.028003914235084068,0.8367934267282335,0.38852428040147685,0.12377374397881825,0.11540320276665854,0.037963897324149426,0.8712060197533833,0.27467969699009537,5.310683321346692,-5.310683321346692
128.0,130.5,neutral,85.36154887003937,28.323207233381353,4.724999583206236,0.11368748545646667,6.4,1541.658376417772,2303.8563829787236,2733.6490738769817,0.028033577127659574,0.5450384616851807,0.2313927859067917,0.11252528429031372,0.518741373374005,33.854166666666664,0.15384615384615385,0.015486358047256656,184.58586265911958,679.6875,0.43278377754018377,0.15857786894206988,0.6630826479896599,1.5322203285849074,0.053910523372887174,0.13752527242369827,0.2146348922065381,0.24596520790298643,0.20496402508925862,0.5839514113089134,0.06811907932440514,0.9637897449515316,0.4088587115981493,0.1510441333439212,0.6489879037307732,0.011565815692176516,0.8308388315500983,0.12078748890443924,5.322582181856948,-5.322582181856948
87.0,89.5,neutral,70.4088627607969,27.96781818681015,5.6067796544606505,0.06415954977273941,5.2,1819.5624741207541,2881.815159574468,3234.549191946716,0.028818982712765957,0.49575552344322205,0.22803813219070435,0.14414799213409424,0.25277451004640605,41.86698717948718,0.12393162393162394,0.012911806267490509,154.115850548562,726.5625,0.951696619245708,0.19760744759402452,0.35976273625190763,0.6449192233062202,0.608418763779734,0.7158592096351956,0.5366000432798549,1.196587211427345,0.2884368837948989,0.3016520840188644,0.02299467526948434,0.40549296095516746,0.5777777691201584,0.5761662497254803,0.09803067761898719,0.4854902902166515,0.12112559849034693,0.27467969699009537,5.358695152134553,-5.358695152134553
99.0,101.5,neutral,75.42711033850817,29.76140945315891,6.3101397105594526,0.09076257050037384,4.8,1693.4470624218427,2620.2127659574467,2773.634654399009,0.03340882646276596,0.4935172498226166,0.22886407375335693,0.1524054855108261,0.27600576209555616,39.96394230769231,0.11538461538461539,0.014223415985318748,197.7490922948156,820.3125,0.48705332059015105,0.000631451640270725,0.11781679407128143,0.5244912886877596,0.8291951928306079,0.32858555594712774,0.19656738827022416,0.13080992276818051,0.7762452035852678,0.34187336571632077,0.00056176766786345,0.7630475046949082,0.4915986095147709,0.40345378374649715,0.31146455800463296,0.24404867261616758,1.137439243402931,0.5824641131614076,5.411742296204855,-5.411742296204855
16.0,18.5,neutral,86.5640752558767,34.91405243484795,7.723597028086104,0.08599783480167389,7.2,1472.5829014611688,2121.5425531914893,2761.9026779850547,0.022926363031914893,0.497506707906723,0.26804935932159424,0.12925952672958374,0.5130719056690309,37.760416666666664,0.14102564102564102,0.013924580170919739,181.53639629492378,843.75,0.5441265955225989,0.5652427261362856,0.3683925939310531,0.31504394547140274,0.4954633814746345,0.3496413905595852,0.45160770705884673,0.16459707982594746,0.3378303841659367,0.27018368669591836,1.0637264704397793,0.23918675137680429,0.3878271304680901,0.20347092840241177,0.3288370831523043,0.2990584834194322,0.7598100894351426,0.6594102172042356,5.431746194498159,-5.431746194498159
61.0,63.5,neutral,95.10421747303936,24.208856257700834,6.5100625107703,0.10120473057031631,7.6,1661.19153290014,2479.288563829787,2851.4182358337257,0.029845412234042554,0.5296636819839478,0.24472418427467346,0.13184426724910736,0.4297756796194322,42.76842948717949,0.1752136752136752,0.01222884472188235,152.2803950993342,632.8125,1.3348647544756527,0.6104246170519493,0.0490461696364927,0.9835057697399026,0.7162398105255079,0.22953567297694835,0.013393106330228704,0.09320059257214001,0.39752575205041835,0.30767002206913696,0.43020526230643835,0.127265896587132,0.07882963243967797,0.6579774178207878,1.1825726046948872,0.6112101122713355,0.07837382614834511,0.03310471918121687,5.505923521120088,-5.505923521120088
159.0,161.5,stressed,80.2507014170459,29.906486419143505,7.716790900190921,0.07821297645568848,6.4,1641.2463485189076,2694.5146276595747,2689.224287024056,0.029346742021276597,0.582091212272644,0.16520562767982483,0.14674459397792816,0.40388727551553844,43.87019230769231,0.18803418803418803,0.012412061807273441,151.7496637772655,656.25,0.04043341286541581,0.015301208381506715,0.3660513818990032,0.027161373142011634,0.053910523372887174,0.16828824631633574,0.2931454774742562,0.37390505347515346,0.3445271116023928,1.2497811406700707,1.7295509642449385,0.5179274183853056,0.017206556418246685,0.7579688454928302,1.5027234252733561,0.5774834412444408,0.06601193271998824,0.04384138486161119,5.655556891761403,-5.655556891761403
132.0,134.5,neutral,83.43465853148363,25.157298240269316,4.818394876208442,0.09637989848852158,5.2,1438.9781093188462,2312.034574468085,2622.691349161603,0.02244847074468085,0.5472355484962463,0.24005566537380219,0.11052243411540985,0.5829731639299613,39.86378205128205,0.14102564102564102,0.012795474905012134,155.93939816574337,656.25,0.2543715590935211,0.5062647074750632,0.630955984036084,0.7714167211757443,0.608418763779734,0.4528345725749255,0.20400482064314185,0.5655146119805378,0.38862074792862783,0.6234325751523822,0.303406396774934,1.0505143898037737,0.6471343636529893,0.3943636539581297,0.3288370831523043,0.5069046118343304,0.16360001137644367,0.04384138486161119,5.7504868396159905,-5.7504868396159905
11.0,13.5,neutral,70.83863843732134,15.781479497000495,3.852183956250582,0.058840177953243256,6.0,1736.0423662467874,2985.2393617021276,2832.577703441954,0.030950797872340424,0.4974454343318939,0.2288496494293213,0.1363218128681183,0.25807125228702965,32.25160256410256,0.1452991452991453,0.015583460130085106,132.81676473726878,539.0625,0.9119033677311392,1.5359370020981444,0.9633189172839964,0.8787471553523597,0.16686590567798673,0.45938669055883086,0.6710315580511041,0.038941360835568116,0.5150060717102081,0.27128475927753815,0.0009535381549524487,0.0666145835826205,0.5581288585070949,0.29648620995780134,0.4355540233451275,0.0063087727862442,0.37497670030435404,0.34088913535252907,5.757973972087247,-5.757973972087247
101.0,103.5,neutral,95.69354077229224,35.297694309018325,8.099716044659342,0.1189785748720169,7.2,1446.971779043493,2300.565159574468,2796.9675527376153,0.019556183510638297,0.509157657623291,0.269160658121109,0.13418707251548767,0.5323751141677265,38.561698717948715,0.1282051282051282,0.014642404056511509,165.06348625207994,703.125,1.3894306397770553,0.6073750902217269,0.4977722324928421,1.7648050281117988,0.4954633814746345,0.4282877099913866,0.2189128478357103,0.06361303513706329,0.6960128625271761,0.060818698305349354,1.0939097962518902,0.025820987112289837,0.45943473399224105,0.27619196670935187,0.008686262573835327,0.16692118851091928,0.37611998120711504,0.1977335929472673,5.797346736308561,-5.797346736308561
94.0,96.5,neutral,65.35216607717354,20.641738163183764,4.064786444068682,0.06251706928014755,4.8,1583.881891517343,2363.3976063829787,3035.6108778105563,0.020175365691489363,0.4822426736354828,0.23523108661174774,0.14832627773284912,0.38535846591342604,32.25160256410256,0.11965811965811966,0.01820952678676097,147.04072356816351,726.5625,1.4198999493912805,1.002173089814377,0.8901866590912314,0.7171190675813015,0.8291951928306079,0.007865822052928342,0.13724278582424732,0.6236607216901997,0.6302062173042108,0.5444750050634677,0.17236888216152563,0.5864152981243205,0.08594143289498388,0.29648620995780134,0.20474761781181006,0.4897161255194642,0.043669585224957654,0.27467969699009537,5.798112481678579,-5.798112481678579
