start_sec,end_sec,pitch,pitch_std,pitch_velocity,energy,speech_rate,spectral_centroid,spectral_rolloff,spectral_bandwidth,zcr,low_band_ratio,low_mid_ratio,high_band_ratio,thickness_score,main_freq_velocity_mean,main_freq_jump_ratio,main_freq_smoothness,main_freq_std,main_freq_range,z_pitch_velocity,z_pitch_std,z_main_freq_velocity,z_main_freq_std,z_main_freq_range,z_jump_ratio,z_smoothness,z_energy,z_speech_rate,z_centroid,z_low_band,z_low_mid_band,z_high_band,baseline_like_score
27.0,29.5,53.51804450494609,13.9403845913562,4.059278790184154,0.027177684009075165,7.2,1155.4738337259837,1607.6130319148936,2659.7332107636344,0.011486037234042554,0.40100669860839844,0.23721566796302795,0.11998317390680313,0.47721244296085596,14.923878205128204,0.029914529914529916,0.034287396070929295,23.656948530706952,93.75,-1.043901917478281,-1.7826463634723229,-1.9081873612720772,-2.914175273213351,-1.902179269709912,-2.3459113422619957,3.3063703487326377,-2.2228588916772924,0.4800603747966677,-1.4296426315437065,-1.8588642802064956,0.13598286639556267,-0.7998966578703465,4.9876832779390545
112.0,114.5,66.48361523561051,17.352333585603333,3.4295337084170825,0.05897241085767746,4.8,1041.9532138247196,1516.8550531914893,2211.0136200009115,0.01328125,0.5269662737846375,0.2684551477432251,0.09581175446510315,0.8158631959821617,17.127403846153847,0.05128205128205128,0.032816034787813704,79.83858055262642,398.4375,-1.2605253464327777,-1.4079388903179828,-1.708204505927992,-1.6055821700608202,-0.9018799171531473,-1.8123266412978816,3.0355216020045557,-0.8252323520674455,-0.8445981995085747,-1.778240353629059,0.4046014145216521,0.9844597988085616,-1.8465339914675163,3.5689523870374873
119.0,121.5,57.88433397950332,11.208021625519986,2.4447624044202074,0.041664060205221176,4.4,1113.0680022957108,1547.872340425532,2519.8760079967337,0.01298828125,0.4891853630542755,0.21879391372203827,0.1013219803571701,0.6585623929554932,19.130608974358974,0.021367521367521368,0.02739102003629604,58.574203111238056,445.3125,-1.5992727900955421,-2.082720258010392,-1.5264019101606416,-2.100876034998323,-0.7479877090674912,-2.5593452226476416,2.0368828153983416,-1.5860695293747178,-1.065374628559448,-1.559861936658371,-0.27431319148674044,-0.36435944525744024,-1.607937820104837,3.4782656026906507
1.0,3.5,66.5562014282155,29.065011342002254,6.06695647221086,0.05874311551451683,6.0,1287.8283984504874,1832.712765957447,2714.827313515288,0.01770279255319149,0.49966686964035034,0.20216712355613708,0.1363774687051773,0.5303880806421521,18.629807692307693,0.05982905982905983,0.02761931574034287,87.22230983793865,328.125,-0.3532891023758933,-0.12162778385910536,-1.5718525591024792,-1.433598963618274,-1.1327182292816316,-1.5988927609122354,2.0789075757573725,-0.8353116730358636,-0.1822689123559535,-1.023209863552395,-0.08596283738739677,-0.8159498051193619,-0.09001360630349536,3.3230958207538266
117.0,119.5,66.63066783203134,18.24460817050741,3.617347356868186,0.05899886414408684,6.4,1285.6740868247641,1947.7061170212767,2639.0248265984906,0.016373005319148936,0.5459379553794861,0.2023329883813858,0.10166919976472855,0.6505431884635496,20.93349358974359,0.06837606837606838,0.026028430195213226,88.59482278285145,398.4375,-1.1959200994687675,-1.3099474034484617,-1.3627795739700264,-1.401630134855882,-0.9018799171531473,-1.3854588805265897,1.7860567572461077,-0.8240695235480593,0.03850751669492039,-1.0298252971717876,0.7455183348999752,-0.8114448492394161,-1.592903006126424,3.1303609413018654
126.0,128.5,60.78055762197855,34.113323759073275,4.049337487541671,0.05357154831290245,4.8,1289.0545122563049,1899.2353723404256,2621.882288111161,0.017835771276595743,0.4704710841178894,0.17020665109157562,0.14426836371421814,0.4165276054546585,16.72676282051282,0.03418803418803419,0.032178709226347184,101.44398511383694,398.4375,-1.0473215854185947,0.43278859009133885,-1.744565025081462,-1.1023450375298602,-0.9018799171531473,-2.239194402069173,2.918202469333442,-1.0626424378752486,-0.8445981995085747,-1.0194447283716928,-0.6106046430482105,-1.6840091910631472,0.25166700256094043,2.7637136707861125
125.0,127.5,54.606785218809925,13.478327087457425,3.801992801166732,0.03395626321434975,6.4,980.9280720909762,1376.9281914893618,2338.2032506228916,0.010902177526595745,0.43280932307243347,0.24012812972068787,0.10185351967811584,0.6291063561442324,19.23076923076923,0.07692307692307693,0.02694556677484406,39.047629016318794,257.8125,-1.1324046700627273,-1.8333904982849578,-1.5173117803722742,-2.555692658674169,-1.3635565414101156,-1.172025000140944,1.9548836089663706,-1.9248873996355027,0.03850751669492039,-1.965635607608656,-1.2873781555832005,0.21508650817502442,-1.5849218404715957,2.7456448015601214
0.0,2.5,52.50612066103413,6.735832767586511,2.8915446803785843,0.02890877053141594,1.6,1126.1016711831955,1738.065159574468,2560.367881140639,0.012701545877659575,0.40805545449256897,0.21828538179397583,0.12395229935646057,0.44811485920970284,17.427884615384617,0.038461538461538464,0.030879332052216553,28.85159504106377,164.0625,-1.4455859866311591,-2.573865521099242,-1.6809341165628893,-2.7931805930638642,-1.6713409575814278,-2.1324774618763502,2.67901262304692,-2.1467641204435295,-2.610809631915564,-1.519838306691025,-1.7321996966525266,-0.37817137853521526,-0.6280310838455402,2.67570926330848
113.0,115.5,81.03706747436493,21.75348809403802,5.271049518008618,0.08398261666297913,7.2,1363.2543606810157,2066.3896276595747,2619.909628474265,0.01964552859042553,0.567785918712616,0.22760139405727386,0.09902036935091019,0.6804959223972729,20.93349358974359,0.08547008547008547,0.0255599816253351,89.69667490489205,398.4375,-0.6270698726269749,-0.9245947701104396,-1.3627795739700264,-1.3759655887096656,-0.9018799171531473,-0.9585911197552982,1.6998245656599673,0.27416150531776123,0.4800603747966677,-0.7915927472740756,1.1381214016777566,-0.12514470961815968,-1.7075989927711765,2.5022460874810264
107.0,109.5,69.91588398271045,20.48482614815871,2.1280450236551145,0.08057738095521927,12.4,2219.5699102549765,5030.285904255319,4152.722132728012,0.022286402925531915,0.5581139922142029,0.16984961926937103,0.1058332771062851,0.030082515734796186,14.122596153846153,0.042735042735042736,0.03655690443036733,81.05709058779183,351.5625,-1.7082191034804843,-1.0639219150440344,-1.9809083995790173,-1.5772004059369604,-1.0557721252388035,-2.025760521683527,3.724142313984497,0.12447480344878403,3.350153952458026,1.837970500595622,0.9643190226171777,-1.693706320061755,-1.4125958952357687,2.433860235844414
3.0,5.5,80.66529832180407,23.88322571678512,6.779758669356773,0.07382788509130478,4.0,1564.2949009105844,2302.8590425531916,3130.004699421095,0.020048620345744683,0.5361948609352112,0.22016368806362152,0.12666970491409302,0.508956980402686,21.434294871794872,0.08547008547008547,0.023900806523996974,86.46717171131459,398.4375,-0.10809519680576703,-0.690702468541205,-1.317328925028189,-1.4511877823988004,-0.9018799171531473,-0.9585911197552982,1.3944029795704513,-0.17221824861964324,-1.2861510576103221,-0.1742399312676866,0.5704370835996552,-0.32715581896077794,-0.510365751281913,2.194622170557459
2.0,4.5,77.42864714634378,28.228945821848615,5.867543027611001,0.07440318167209625,5.2,1423.5270816240522,1947.8058510638298,2931.9763875804174,0.01901595744680851,0.523626983165741,0.22633464634418488,0.1305512934923172,0.565043313510355,23.13701923076923,0.10256410256410256,0.022045735439347614,93.13280028156866,398.4375,-0.4218845156622281,-0.21344627205352398,-1.1627967186259414,-1.2959307124046824,-0.9018799171531473,-0.5317233589840067,1.0529207860843866,-0.14692947122930344,-0.6238217704577008,-0.606508017795826,0.34459510098793095,-0.15955009092749417,-0.34229057764833415,2.102997112861428
4.0,6.5,75.67825627388383,20.903389760542368,4.136084989945041,0.07087717205286026,4.8,1336.2269625999995,1907.912234042553,2843.6088810940987,0.016788563829787235,0.5617642998695374,0.23623627424240112,0.09583572298288345,0.7214991649228172,22.736378205128204,0.07692307692307693,0.023843482376417466,88.90964059941788,421.875,-1.0174816676996232,-1.017954371620883,-1.1991572377794113,-1.394297339266255,-0.8249338131103192,-1.172025000140944,1.3838507285989639,-0.3019251296675665,-0.8445981995085747,-0.8745881485776527,1.0299142434766693,0.10938213598811275,-1.8454961399006953,2.093560196639033
111.0,113.5,61.84611456879445,25.531100749592106,5.514208891620323,0.04040626063942909,5.2,1629.7054611626397,2528.557180851064,2442.017970248934,0.03452875664893617,0.3685482144355774,0.2208571881055832,0.1923023760318756,-0.004831844517612788,20.03205128205128,0.05982905982905983,0.027929696279536703,44.31447372615747,304.6875,-0.5434264765620285,-0.5097293383278444,-1.444590742065334,-2.4330163245302754,-1.2096643333244594,-1.5988927609122354,2.1360425439083808,-1.6413596428275414,-0.6238217704577008,0.02662201191079035,-2.4421360586740057,-0.30832007674061057,2.331569289449179,1.713489400991426
122.0,124.5,79.09263557147283,32.48247919972237,5.055738561463926,0.08188600093126297,6.8,1475.7918216311948,2098.3045212765956,2865.722496021756,0.020140043218085105,0.5582778453826904,0.2047533094882965,0.1110449731349945,0.5930680434401032,22.93669871794872,0.09829059829059829,0.022596952320915516,120.43545351627712,421.875,-0.7011338058732776,0.25368578258388924,-1.1809769782026762,-0.6599921959378559,-0.8249338131103192,-0.6384402991768297,1.1543890000854335,0.18199887080408136,0.2592839457457938,-0.4460140975924338,0.9672634277989605,-0.745707947002401,-1.1869262506307459,1.1985704360927079
124.0,126.5,60.61256824929063,13.287671092938949,2.44334202944247,0.04573724791407585,5.2,944.6226685683113,1262.3337765957447,2252.5706828201,0.011101645611702128,0.5293303728103638,0.21390889585018158,0.08944346755743027,0.8236834692368741,23.838141025641026,0.09829059829059829,0.0218039747803811,55.91282916392539,398.4375,-1.5997613790611205,-1.8543287438648894,-1.0991658101073687,-2.1628652557992503,-0.9018799171531473,-0.6384402991768297,1.0084173916831276,-1.4070211208189394,-0.6238217704577008,-2.077121793804593,0.4470837509076292,-0.4970385105894777,-2.1222847327388257,1.1192456867445206
114.0,116.5,80.20744724143334,20.6832902151029,4.849327891675547,0.07290031015872955,8.4,1436.260124277392,2150.565159574468,2778.854603074086,0.019913563829787234,0.5914484262466431,0.1917131245136261,0.10069578140974045,0.6566163315486739,22.536057692307693,0.09401709401709402,0.022494690094612857,86.79933425470357,398.4375,-0.7721361659661689,-1.0421261703942817,-1.2173374973561462,-1.4434509901811086,-0.9018799171531473,-0.7451572393696525,1.1355645304262554,-0.2129924106188032,1.1423896619492888,-0.567407547167402,1.563331426239828,-1.0998846561939586,-1.6350526198053645,0.9050164262076527
11.0,13.5,70.83863843732134,15.781479497000495,3.852183956250582,0.058840177953243256,6.0,1736.0423662467874,2985.2393617021276,2832.577703441954,0.030950797872340424,0.4974454343318939,0.2288496494293213,0.1363218128681183,0.25807125228702965,32.25160256410256,0.1452991452991453,0.015583460130085106,132.81676473726878,539.0625,-1.1151396203906567,-1.5804534171256772,-0.3355949078844978,-0.3716043743549332,-0.44020329289617893,0.5354460429442227,-0.13665731999391098,-0.8310450208639715,-0.1822689123559535,0.3531600709716134,-0.12588153834136329,-0.09124158778659115,-0.09242353829110872,0.7123505285919121
115.0,117.5,72.74899479952447,24.62785469409638,6.476288365158032,0.05478624254465103,8.0,1314.301317415684,1802.2938829787233,2756.070063465366,0.015394365026595745,0.5604135990142822,0.21519231796264648,0.09401636570692062,0.7199227898883638,20.833333333333332,0.06837606837606838,0.024733294411124672,82.68427324459789,445.3125,-0.21248470263077748,-0.6089257353613556,-1.371869703758394,-1.5392997625125213,-0.7479877090674912,-1.3854588805265897,1.5476476676577973,-1.0092471404761945,0.921613232898415,-0.9419171498917033,1.0056424479785318,-0.46218024583484096,-1.9242754293324633,0.5925866092771627
120.0,122.5,60.74323932094499,22.544776493630835,4.299269299233182,0.05049412325024605,2.8,1088.8138225422988,1459.3085106382978,2509.591545612643,0.012377410239361702,0.4773460924625397,0.23915790021419525,0.11448264122009277,0.6651356444269654,21.233974358974358,0.06837606837606838,0.024250624479600334,75.21229749752543,421.875,-0.9613485661430742,-0.8376938002402289,-1.335509184604924,-1.7133384220823817,-0.8249338131103192,-1.3854588805265897,1.4587976023904308,-1.1979193019197076,-1.9484803447629433,-1.6343413732615353,-0.4870622643341457,0.18873468153778084,-1.0380731074772178,0.5052951698610167
123.0,125.5,72.03416712571274,15.853433590787757,3.4647728262504303,0.06371105462312698,7.2,1172.050061832415,1609.8071808510638,2512.6699771242384,0.014972573138297873,0.5683790445327759,0.19977319240570068,0.09464985877275467,0.7713372855152827,25.240384615384617,0.11538461538461539,0.02115441360056291,114.80146459518949,398.4375,-1.2484035867566698,-1.5725512659764087,-0.9719039930702233,-0.7912201218638346,-0.9018799171531473,-0.21157253840553777,0.8888459217145583,-0.6169319530772231,0.4800603747966677,-1.378740554337865,1.1487797414245446,-0.8809699454424983,-1.8968447898172272,0.42859810032855183
15.0,17.5,74.8486551091228,35.476643852878816,5.6909297335629825,0.057734888046979904,6.0,1705.0005035577362,2785.472074468085,2623.6535346477003,0.03476354720744681,0.4584760069847107,0.22731100022792816,0.15490274131298065,0.17182062687266247,24.639423076923077,0.09401709401709402,0.021708748718904314,139.51591273017698,468.75,-0.48263699863244297,0.582511293540818,-1.0264447718004286,-0.2155665636858249,-0.6710416050246631,-0.7451572393696525,0.9908881419313434,-0.8796311437865669,-0.1822689123559535,0.2578371011701682,-0.82615352496989,-0.13303192372186878,0.7121420955226911,0.40630305211976214
63.0,65.5,86.55422686854334,17.560828398529015,4.778565455458816,0.0886191800236702,7.6,1517.552828119962,2448.271276595745,2899.328914487666,0.020291722074468086,0.5674536228179932,0.21006940305233002,0.13028556108474731,0.5457018826432339,27.744391025641026,0.1282051282051282,0.018343928986163324,124.71079037458357,585.9375,-0.796477446300474,-1.3850415478756148,-0.7446507483610357,-0.5604102485097207,-0.28631108481052286,0.10857828217293049,0.3714908409169873,0.4779746733421733,0.7008368038475411,-0.3177749129699602,1.1321501179787972,-0.6013206911528038,-0.35379695439133524,0.30402891883823524
116.0,118.5,65.47246384886385,26.753949462747634,6.376775056067709,0.04253362864255905,7.2,1194.5352711149917,1653.1914893617022,2623.245100618812,0.012770113031914894,0.49102887511253357,0.24417492747306824,0.10055720806121826,0.6651038995787454,22.93669871794872,0.06837606837606838,0.023616909403052205,91.19662527205581,445.3125,-0.24671587785689522,-0.37543349975313817,-1.1809769782026762,-1.3410284636226655,-0.7479877090674912,-1.3854588805265897,1.3421430891614954,-1.54784520583146,0.4800603747966677,-1.3096932504794458,-0.24118568771541993,0.32499917532552225,-1.6410529310553807,0.2802760870833564
109.0,111.5,81.5968184828313,29.150982860322358,7.6563665751036405,0.07574298977851868,6.0,1965.331200579014,3056.9481382978724,2967.2156495142895,0.04118184840425532,0.5213119387626648,0.14786402881145477,0.15835899114608765,0.0806077215286744,24.53926282051282,0.08974358974358974,0.021708748718904314,100.6506746928283,445.3125,0.19344556292301493,-0.11218620942546513,-1.035534901588796,-1.1208229725458083,-0.7479877090674912,-0.8518741795624754,0.9908881419313434,-0.08803444198634228,-0.1822689123559535,1.0572574007548687,0.3029942653166164,-2.2908438678145933,0.8617998397976526,0.2634512406745669
110.0,112.5,70.71546521601927,28.48581711467821,6.943045035794679,0.05466816574335098,4.8,1749.1315420309586,2688.530585106383,2680.224541416494,0.036781083776595745,0.47777146100997925,0.14764675498008728,0.17490345239639282,0.08801752517220218,21.634615384615383,0.0641025641025641,0.025299790299484908,97.40294360505195,375.0,-0.05192698902866712,-0.18523612201190412,-1.2991486654514541,-1.19646973376307,-0.9788260211959754,-1.492175820719413,1.6519284470623532,-1.0144375379906942,-0.8445981995085747,0.3933541508339805,-0.4794184856583389,-2.29674511313716,1.5781851911249252,0.1906476557744805
95.0,97.5,71.70626434021884,26.23433736057269,4.341682170151479,0.07355333864688873,5.6,1763.579057129524,2806.316489361702,3058.9170988864444,0.02721908244680851,0.4882286489009857,0.21287444233894348,0.1591869592666626,0.233118884511881,30.248397435897434,0.08547008547008547,0.01732116639099002,152.93167483036814,703.125,-0.9467591365530162,-0.4324984025857052,-0.517397503651848,0.09691588166207472,0.09841943540361744,-0.9585911197552982,0.18322031193006458,-0.18428670886773793,-0.4030453414068274,0.4377194023410114,-0.291505133128354,-0.5251346872260535,0.8976513688364074,0.1650379707571028
121.0,123.5,72.97925319418229,32.54969972308353,7.352449999628724,0.06560026854276657,4.4,1409.0061646839115,2038.962765957447,2825.5614452176214,0.01769032579787234,0.49681034684181213,0.24048219621181488,0.1268443912267685,0.5302317302402089,24.439102564102566,0.09401709401709402,0.020713642778561827,103.42376933679118,421.875,0.08890254607126034,0.2610680829920258,-1.0446250313771634,-1.056231532338745,-0.8249338131103192,-0.7451572393696525,0.807708660524357,-0.5338862478676277,-1.065374628559448,-0.6510986707743454,-0.13729392001175095,0.22470309757969562,-0.5028017264651014,0.16176755742955362
10.0,12.5,80.30892352251342,19.825272065401897,2.902445894779874,0.07749725133180618,4.8,1770.8864790131681,3044.182180851064,2930.651847486871,0.030182014627659574,0.5396334528923035,0.19422709941864014,0.14454762637615204,0.2821816571635085,31.25,0.14102564102564102,0.016298835297820995,143.09329373277666,539.0625,-1.4418361225802179,-1.1363555429133652,-0.42649620576817276,-0.13224153486636334,-0.44020329289617893,0.42872910275139947,-0.004970786003173234,-0.01092094716166211,-0.8445981995085747,0.46015894350252534,0.6322278202082582,-1.031604078841908,0.2637592476425635,0.07301189597089738
94.0,96.5,65.35216607717354,20.641738163183764,4.064786444068682,0.06251706928014755,4.8,1583.881891517343,2363.3976063829787,3035.6108778105563,0.020175365691489363,0.4822426736354828,0.23523108661174774,0.14832627773284912,0.38535846591342604,32.25160256410256,0.11965811965811966,0.01820952678676097,147.04072356816351,726.5625,-1.0420073621978918,-1.0466895048419098,-0.3355949078844978,-0.040297259275536804,0.1753655394464455,-0.10485559821271491,0.34675003273930904,-0.6694169330929133,-0.8445981995085747,-0.11409244164014581,-0.39907178412729283,0.08208083252988693,0.42737717625059124,-0.05061029560703251
22.0,24.5,72.39625304654257,21.74408480131141,4.885695715603754,0.06871054321527481,7.6,1323.2646462595615,1897.340425531915,2688.7168023902595,0.015965757978723405,0.5242387652397156,0.23584066331386566,0.12854664027690887,0.6212904138421425,32.05128205128205,0.10256410256410256,0.015756351356491675,137.02237937002548,445.3125,-0.759626147307769,-0.9256274596561682,-0.35377516746123266,-0.27364641007230817,-0.7479877090674912,-0.5317233589840067,-0.10483143703106468,-0.3971653869376671,0.7008368038475411,-0.9143926700219205,0.3555886894876831,0.09863718282517285,-0.42909329526376266,-0.059321545984906715
148.0,150.5,59.994541353145955,18.368242018360384,3.7438087465732166,0.030836835503578186,2.0,1373.3368648659252,2023.1050531914893,2935.541638420527,0.015174119015957447,0.4919324815273285,0.20628134906291962,0.14059121906757355,0.48738526316067865,23.73798076923077,0.0811965811965812,0.022243038609094108,82.31557524874019,375.0,-1.1524191644691875,-1.2963696721273172,-1.1082559398957361,-1.5478875453369383,-0.9788260211959754,-1.065308059948121,1.089240428897169,-2.0620106080759735,-2.3900332028646907,-0.7606315175447762,-0.224948080383362,-0.704205772830354,0.09244437695147285,-0.08863274174418243
66.0,68.5,61.15793919029635,24.86448686646895,5.684218104590557,0.04851052537560463,4.0,1327.4078137969088,1905.718085106383,2860.0156749728385,0.01501205119680851,0.5310272574424744,0.1971471756696701,0.13534119725227356,0.584533349054557,26.642628205128204,0.05982905982905983,0.0206276835908105,107.80571860991944,398.4375,-0.4849457043674643,-0.5829382884428201,-0.8446421760330783,-0.9541663485622633,-0.9018799171531473,-1.5988927609122354,0.791885260425836,-1.2851139190244116,-1.2861510576103221,-0.9016698821531309,0.4775763922754628,-0.9522936243363074,-0.13488479779334703,-0.1202593590083632
118.0,120.5,68.34217975417275,26.438662315993657,7.641297059638038,0.0595213957130909,6.8,1369.801051922333,2101.595744680851,2746.9146459927574,0.01866273271276596,0.5322762131690979,0.2117076814174652,0.10296133160591125,0.5856669703998402,27.84455128205128,0.0811965811965812,0.01915695030395215,95.39059358708215,445.3125,0.18826186207745754,-0.41005900273616064,-0.7355606185726683,-1.2433417675554799,-0.7479877090674912,-1.065308059948121,0.521152115488542,-0.8011001804836716,0.2592839457457938,-0.7714892484039645,0.500019850325327,-0.5568243867498847,-1.536952902402753,-0.16531697588984307
