start_sec,end_sec,label,pitch,pitch_std,pitch_velocity,energy,speech_rate,spectral_centroid,spectral_rolloff,spectral_bandwidth,zcr,low_band_ratio,low_mid_ratio,high_band_ratio,thickness_score,main_freq_velocity_mean,main_freq_jump_ratio,main_freq_smoothness,main_freq_std,main_freq_range
0.0,2.5,neutral,52.50612066103413,6.735832767586511,2.8915446803785843,0.02890877053141594,1.6,1126.1016711831955,1738.065159574468,2560.367881140639,0.012701545877659575,0.40805545449256897,0.21828538179397583,0.12395229935646057,0.44811485920970284,17.427884615384617,0.038461538461538464,0.030879332052216553,28.85159504106377,164.0625
1.0,3.5,neutral,66.5562014282155,29.065011342002254,6.06695647221086,0.05874311551451683,6.0,1287.8283984504874,1832.712765957447,2714.827313515288,0.01770279255319149,0.49966686964035034,0.20216712355613708,0.1363774687051773,0.5303880806421521,18.629807692307693,0.05982905982905983,0.02761931574034287,87.22230983793865,328.125
2.0,4.5,neutral,77.42864714634378,28.228945821848615,5.867543027611001,0.07440318167209625,5.2,1423.5270816240522,1947.8058510638298,2931.9763875804174,0.01901595744680851,0.523626983165741,0.22633464634418488,0.1305512934923172,0.565043313510355,23.13701923076923,0.10256410256410256,0.022045735439347614,93.13280028156866,398.4375
3.0,5.5,neutral,80.66529832180407,23.88322571678512,6.779758669356773,0.07382788509130478,4.0,1564.2949009105844,2302.8590425531916,3130.004699421095,0.020048620345744683,0.5361948609352112,0.22016368806362152,0.12666970491409302,0.508956980402686,21.434294871794872,0.08547008547008547,0.023900806523996974,86.46717171131459,398.4375
4.0,6.5,neutral,75.67825627388383,20.903389760542368,4.136084989945041,0.07087717205286026,4.8,1336.2269625999995,1907.912234042553,2843.6088810940987,0.016788563829787235,0.5617642998695374,0.23623627424240112,0.09583572298288345,0.7214991649228172,22.736378205128204,0.07692307692307693,0.023843482376417466,88.90964059941788,421.875
5.0,7.5,neutral,78.69722341767356,33.81423799733244,9.847830036071553,0.06685736030340195,6.8,1683.8764085273806,2583.1117021276596,2820.107878561631,0.033537649601063826,0.5260043144226074,0.19707930088043213,0.13969972729682922,0.3214515701281514,28.14503205128205,0.09401709401709402,0.018377840110819166,107.3788781933487,468.75
6.0,8.5,neutral,77.80277032929685,34.47794775449339,9.806836390219111,0.06219547986984253,6.4,2039.3753842140932,3291.5226063829787,2976.3065049943402,0.04555144614361702,0.48164740204811096,0.19541087746620178,0.16630685329437256,-0.015591629597484502,30.64903846153846,0.1111111111111111,0.01685139313287649,102.95094549563947,468.75
7.0,9.5,neutral,62.44905273853879,15.563975260688151,4.490411006202427,0.04188205301761627,4.4,1856.7835070906654,3018.351063829787,2870.4728618085824,0.038528507313829785,0.4109390377998352,0.18689100444316864,0.18312780559062958,-0.07827364562516231,24.739583333333332,0.08547008547008547,0.02058497098336306,81.50755093579879,398.4375
8.0,10.5,neutral,64.49250521369372,25.77569075387805,5.943938771388102,0.05071626231074333,9.2,1105.4525828927697,1679.5212765957447,2402.026248661515,0.01293218085106383,0.4894029498100281,0.23797322809696198,0.11751089990139008,0.6511712930266792,23.13701923076923,0.09401709401709402,0.021614350815756214,122.04993952049617,398.4375
9.0,11.5,neutral,75.7079441856573,25.343367484206325,3.814356494296193,0.07213620096445084,4.8,1202.6527723802608,1889.7606382978724,2518.210827187428,0.014530003324468086,0.5603211522102356,0.19927938282489777,0.12459452450275421,0.6857823884219677,27.84455128205128,0.10683760683760683,0.01886611033233301,149.6258623063543,539.0625
10.0,12.5,neutral,80.30892352251342,19.825272065401897,2.902445894779874,0.07749725133180618,4.8,1770.8864790131681,3044.182180851064,2930.651847486871,0.030182014627659574,0.5396334528923035,0.19422709941864014,0.14454762637615204,0.2821816571635085,31.25,0.14102564102564102,0.016298835297820995,143.09329373277666,539.0625
11.0,13.5,neutral,70.83863843732134,15.781479497000495,3.852183956250582,0.058840177953243256,6.0,1736.0423662467874,2985.2393617021276,2832.577703441954,0.030950797872340424,0.4974454343318939,0.2288496494293213,0.1363218128681183,0.25807125228702965,32.25160256410256,0.1452991452991453,0.015583460130085106,132.81676473726878,539.0625
12.0,14.5,neutral,78.56183301633146,22.370575428044564,5.219336258193543,0.0710034966468811,6.0,1538.0513133713243,2410.6715425531916,2761.4923834468027,0.025594248670212767,0.5219233632087708,0.23989275097846985,0.12338951230049133,0.4714130664467363,36.95913461538461,0.1282051282051282,0.013789379071066345,144.87240825511344,609.375
13.0,15.5,neutral,81.9120314677982,27.133456916616343,7.567498618203299,0.07221384346485138,5.2,2056.325410417757,3361.934840425532,3115.8808902647615,0.04192777593085106,0.49331340193748474,0.21546930074691772,0.14724236726760864,0.056801780712663785,45.47275641025641,0.16666666666666666,0.01129772287849493,144.26025060413727,609.375
14.0,16.5,neutral,74.48661579199573,40.50119595829401,8.721355162061846,0.047919370234012604,4.4,1812.6308919696276,3000.6981382978724,2688.2161649856826,0.03810048204787234,0.4616296589374542,0.17977237701416016,0.1681395173072815,0.042730797064097825,31.450320512820515,0.11538461538461539,0.016681731535095178,125.0887565436534,421.875
15.0,17.5,neutral,74.8486551091228,35.476643852878816,5.6909297335629825,0.057734888046979904,6.0,1705.0005035577362,2785.472074468085,2623.6535346477003,0.03476354720744681,0.4584760069847107,0.22731100022792816,0.15490274131298065,0.17182062687266247,24.639423076923077,0.09401709401709402,0.021708748718904314,139.51591273017698,468.75
16.0,18.5,neutral,86.5640752558767,34.91405243484795,7.723597028086104,0.08599783480167389,7.2,1472.5829014611688,2121.5425531914893,2761.9026779850547,0.022926363031914893,0.497506707906723,0.26804935932159424,0.12925952672958374,0.5130719056690309,37.760416666666664,0.14102564102564102,0.013924580170919739,181.53639629492378,843.75
17.0,19.5,neutral,90.62263133124908,36.50380888360458,8.985192369811449,0.08542424440383911,8.0,1628.0237371214546,2341.9547872340427,3083.4132812572248,0.023447888962765957,0.510277509689331,0.2595973312854767,0.119431272149086,0.4770520041297722,43.87019230769231,0.1623931623931624,0.011560478544272787,178.449147831575,843.75
18.0,20.5,neutral,71.25158324201891,27.109736307185198,5.03412696722073,0.058123499155044556,4.4,1417.177166763036,2163.9295212765956,2744.4218004639315,0.01925282579787234,0.5121334195137024,0.23859499394893646,0.12477410584688187,0.5356159734177033,40.56490384615385,0.1282051282051282,0.012811965165751362,172.65959059882138,843.75
19.0,21.5,neutral,75.61598593018874,30.795087679040897,5.043894882873601,0.06602264195680618,4.0,1485.4102137277469,2483.4773936170213,2695.5305682311964,0.021712932180851064,0.5505498051643372,0.19699138402938843,0.13900911808013916,0.4823987752318688,32.65224358974359,0.10683760683760683,0.01621906174816078,149.3844841846891,445.3125
20.0,22.5,neutral,77.97580382996293,28.338208415709254,6.512417312519745,0.07430712133646011,7.2,1657.0046809582882,2800.8311170212764,2855.8051139629424,0.025004155585106384,0.5430280566215515,0.21517258882522583,0.1442577987909317,0.39347981729759307,38.16105769230769,0.13247863247863248,0.013866313561686126,158.75435449777925,468.75
21.0,23.5,neutral,75.28038217124623,17.213278626553556,5.600192667347311,0.07345782220363617,7.2,1543.0096599102044,2404.5877659574467,2856.598242442804,0.02141373005319149,0.5477563738822937,0.23370207846164703,0.12137604504823685,0.5383351438776478,37.56009615384615,0.13247863247863248,0.013327232168392154,135.13848678563727,468.75
22.0,24.5,neutral,72.39625304654257,21.74408480131141,4.885695715603754,0.06871054321527481,7.6,1323.2646462595615,1897.340425531915,2688.7168023902595,0.015965757978723405,0.5242387652397156,0.23584066331386566,0.12854664027690887,0.6212904138421425,32.05128205128205,0.10256410256410256,0.015756351356491675,137.02237937002548,445.3125
23.0,25.5,neutral,83.89398653848258,30.568984792936373,7.502385605855131,0.08348403126001358,8.0,1449.343457321995,2242.4202127659573,2691.5856827934044,0.021725398936170214,0.5278849005699158,0.21296365559101105,0.14437367022037506,0.4881543048876749,33.35336538461539,0.12393162393162394,0.01616631179993322,178.10093041613138,679.6875
24.0,26.5,neutral,87.54183815288289,24.239404153589593,4.866374928253714,0.08945177495479584,8.0,1454.4473099133597,2231.648936170213,2675.753725665348,0.02278299534574468,0.5411438345909119,0.21435630321502686,0.14175620675086975,0.5139984705563142,49.57932692307692,0.18803418803418803,0.011009943798489677,178.83345627398555,890.625
25.0,27.5,neutral,76.96259725021287,28.924522137807767,5.958728190444501,0.05840176343917847,7.6,1385.5027348684712,2163.8297872340427,2693.550865339568,0.0181391289893617,0.5215216875076294,0.235601007938385,0.11962761729955673,0.567862051917006,42.868589743589745,0.1623931623931624,0.012632877334354446,158.18668060314388,468.75
26.0,28.5,neutral,62.41817763108852,26.586183537117197,4.428758337608722,0.037377841770648956,4.4,1240.2533121536742,1838.1981382978724,2678.471281350381,0.01300282579787234,0.4533005952835083,0.2513495087623596,0.12273386120796204,0.5426471811665554,28.74599358974359,0.08547008547008547,0.01848032994923858,116.0607757157612,468.75
27.0,29.5,unknown,53.51804450494609,13.9403845913562,4.059278790184154,0.027177684009075165,7.2,1155.4738337259837,1607.6130319148936,2659.7332107636344,0.011486037234042554,0.40100669860839844,0.23721566796302795,0.11998317390680313,0.47721244296085596,14.923878205128204,0.029914529914529916,0.034287396070929295,23.656948530706952,93.75
28.0,30.5,happy,60.68082311342144,24.555176380582804,5.005101629499364,0.05125824362039566,2.0,1255.2819958695,1797.905585106383,2703.4125987556563,0.014644281914893618,0.3323798179626465,0.37352558970451355,0.15822921693325043,0.40574511975079275,33.15304487179487,0.07692307692307693,0.01693752470434297,191.5736495844726,914.0625
29.0,31.5,happy,72.71208494138901,47.87508598225059,14.229098838793258,0.06876067072153091,4.0,1813.73726551574,3254.8204787234044,3158.206488870031,0.025189079122340426,0.360027015209198,0.3194381296634674,0.18117517232894897,0.02665920513033218,46.07371794871795,0.10683760683760683,0.011427590519513961,184.22840377127343,984.375
30.0,32.5,happy,93.88115217857448,51.34360571784404,17.25278906157887,0.11097443848848343,6.0,2427.214222835685,4427.393617021276,3410.736918885607,0.046143617021276596,0.4076820909976959,0.2699579894542694,0.19651515781879425,-0.3267865202794587,71.81490384615384,0.17094017094017094,0.0075373582448954,255.77059178966243,1476.5625
31.0,33.5,happy,103.15045056279496,49.99454661350519,20.663329672037005,0.10236015915870667,9.2,3065.739710758779,5453.557180851064,3673.529413434981,0.06872922207446809,0.45897814631462097,0.1855435073375702,0.19764696061611176,-0.6955271593122649,56.18990384615385,0.1794871794871795,0.009541164185827481,220.6442079809326,1570.3125
32.0,34.5,happy,85.91569450276037,36.75450074947571,8.999030284068274,0.08504143357276917,8.8,2614.1400638620516,4510.970744680851,3501.9485456815787,0.05524227061170213,0.45257261395454407,0.22242124378681183,0.1698870211839676,-0.36074700964673245,49.479166666666664,0.1581196581196581,0.010818245923570021,222.40011677426438,1570.3125
33.0,35.5,happy,78.51737327683625,33.054647829799435,7.725247198351481,0.08063195645809174,7.6,2528.972703340308,4250.864361702128,3426.4209703631673,0.052784242021276594,0.38384273648262024,0.29256168007850647,0.17072926461696625,-0.3530435715447284,41.76682692307692,0.14957264957264957,0.013220889572945406,183.11398361115192,632.8125
34.0,36.5,happy,91.47827566771534,37.20600311058623,10.248940694214754,0.10120325535535812,9.6,2114.702477565976,3667.3204787234044,3208.222215259404,0.03828540558510638,0.41683462262153625,0.30752190947532654,0.16755162179470062,-0.037638668460388935,51.58253205128205,0.1794871794871795,0.010476235973843132,200.2905914322911,703.125
35.0,37.5,happy,102.2955152963184,48.001198847424334,13.669466227449268,0.09564895182847977,8.0,2115.92262115378,3691.4561170212764,3205.8243888653533,0.03695977393617021,0.4661422371864319,0.24283215403556824,0.17966200411319733,-0.025394353436918204,54.787660256410255,0.18803418803418803,0.009766116187442367,169.56987106971047,703.125
36.0,38.5,happy,94.94647575415203,53.11095290961048,10.318451302561138,0.0732966735959053,6.0,1796.8504203347954,3002.8922872340427,3325.1106411710284,0.021966422872340425,0.4770064949989319,0.23829226195812225,0.1684863567352295,0.22691361327946427,34.35496794871795,0.11538461538461539,0.015295739512899625,156.08597519014376,492.1875
37.0,39.5,happy,85.03515058023015,35.23898597937845,6.504143040279294,0.09286291152238846,6.0,1677.1012724700136,2644.847074468085,3267.4732053599223,0.01935048204787234,0.41652074456214905,0.32982298731803894,0.16442380845546722,0.3016267164086026,42.16746794871795,0.13675213675213677,0.01304737372606115,211.4638304869953,796.875
38.0,40.5,happy,89.94101108564404,28.823151800633813,8.29379783792896,0.11026418209075928,7.2,1620.7144089184037,2639.9601063829787,2995.8002492454802,0.02308427526595745,0.45068877935409546,0.3211285173892975,0.14920970797538757,0.36796280018862004,45.67307692307692,0.16666666666666666,0.011963941297099193,204.90343872487563,796.875
39.0,41.5,happy,88.91339813291007,21.28603243052035,5.062399778001656,0.11627255380153656,5.6,1580.1589960195713,2648.038563829787,2883.1652602911295,0.022155501994680853,0.5441597700119019,0.22863437235355377,0.14868682622909546,0.4561798309629307,52.3838141025641,0.17094017094017094,0.009951869045362691,173.8291977198069,937.5
40.0,42.5,happy,86.75825022743224,33.40255627342499,7.124825057349686,0.09233618527650833,7.2,1549.0845270781356,2458.44414893617,2907.0469148835077,0.020518201462765957,0.5043669939041138,0.2561138868331909,0.15854370594024658,0.437813514721332,63.40144230769231,0.20512820512820512,0.00860765222129609,188.61508480618429,937.5
41.0,43.5,happy,73.50653789935048,34.742676237035745,7.592147771417054,0.05678195506334305,4.8,1408.0382112877307,2064.2952127659573,2924.7943275160255,0.016792719414893617,0.49678000807762146,0.25199928879737854,0.14597393572330475,0.5263770860610335,49.67948717948718,0.12393162393162394,0.010554089709762533,176.512744900464,937.5
42.0,44.5,happy,71.90184236195735,42.24428742670923,10.107013565428762,0.04731474816799164,5.6,1909.9404316803677,3112.4002659574467,3217.183558425658,0.028517702792553192,0.35265061259269714,0.26856502890586853,0.19417071342468262,-0.0802180870957665,35.35657051282051,0.08547008547008547,0.015366669002444322,141.39550964922634,632.8125
43.0,45.5,happy,74.54879615681492,43.26580356683224,11.381997840295279,0.052447766065597534,6.0,1826.3929505041197,3055.5518617021276,3110.50407816894,0.027987865691489363,0.37304118275642395,0.2783786356449127,0.17205092310905457,0.02092390390665186,32.95272435897436,0.10256410256410256,0.01654293486219398,148.25337109230648,492.1875
44.0,46.5,happy,70.49341341113394,37.505044385275674,8.96583438759382,0.04910438135266304,6.8,1414.4021412493862,2250.0,2638.0930871232977,0.022413148271276596,0.39806970953941345,0.3080916702747345,0.1618102490901947,0.32784300471205347,30.14823717948718,0.08547008547008547,0.017659625869836052,146.68351886010691,492.1875
45.0,47.5,unknown,76.2047832732431,52.605316735946275,9.675290234986045,0.0515705831348896,5.6,1447.961142930984,2197.839095744681,2663.210100930017,0.021513464095744683,0.4694649577140808,0.16736142337322235,0.1707313507795334,0.29714283666348984,21.634615384615383,0.0641025641025641,0.02498190688074624,113.16566515663182,421.875
46.0,48.5,neutral,84.09774344667541,43.70994681418282,5.177568405172867,0.0883118137717247,7.2,1449.2029168313045,1984.0093085106382,2728.8978620397224,0.02323803191489362,0.5341222882270813,0.1758241504430771,0.13594484329223633,0.48925680718905995,28.645833333333332,0.1111111111111111,0.01814306154430158,148.56743988003535,445.3125
47.0,49.5,neutral,97.25314183594317,58.59554776026098,9.868815340318172,0.08917312324047089,6.4,1718.1945201022518,2556.083776595745,2866.465191624704,0.029552443484042554,0.49188515543937683,0.20216698944568634,0.1472170650959015,0.2682420396025446,28.545673076923077,0.10683760683760683,0.01848032994923858,152.18003127405302,703.125
48.0,50.5,neutral,96.77003573698177,51.85939635780809,12.440548747314777,0.08869102597236633,6.0,1744.197586529832,2716.25664893617,2853.947898170666,0.030167470079787234,0.48068171739578247,0.23265889286994934,0.13532257080078125,0.266022586612799,37.05929487179487,0.13675213675213677,0.014284728980986903,162.023285616325,703.125
49.0,51.5,neutral,97.23749497872106,46.2428626798066,7.83651522318072,0.09201231598854065,6.8,1796.5001076984593,2797.1409574468084,2834.9677586650732,0.03339012632978723,0.5007104873657227,0.22813300788402557,0.1333778202533722,0.26590949106942485,35.35657051282051,0.1282051282051282,0.015178967683619501,162.6891220984269,703.125
50.0,52.5,neutral,82.4680645915898,23.582924936338237,4.271285029793361,0.09227769821882248,5.6,1380.2805937177839,2134.308510638298,2516.662068783345,0.023279587765957448,0.48894035816192627,0.29852771759033203,0.12471920996904373,0.552152146060076,40.26442307692308,0.13675213675213677,0.012795474905012134,199.55418686892045,726.5625
51.0,53.5,neutral,84.76902937338167,24.291432172844427,3.9595828169738216,0.10199680179357529,6.0,1611.1131979292222,2560.771276595745,2529.8288533170494,0.030780418882978722,0.4905942976474762,0.2854294180870056,0.12555791437625885,0.40192483904789406,39.26282051282051,0.13675213675213677,0.013656778201906382,205.28318813346584,726.5625
52.0,54.5,neutral,81.82020201314442,23.79851850504556,2.7217945824699665,0.0994584932923317,6.0,1586.304096779945,2390.425531914894,2718.079227835822,0.02703623670212766,0.5532693862915039,0.2278537005186081,0.115458182990551,0.5132598358587974,34.15464743589744,0.13247863247863248,0.015342952859929707,186.31894111409,726.5625
53.0,55.5,neutral,73.49705703218626,22.234571049305412,3.0623506155502214,0.0837361291050911,5.6,1459.5768630091893,2333.5771276595747,2846.1867637299724,0.019200880984042552,0.5897694826126099,0.19639943540096283,0.10651389509439468,0.629087474132483,33.5536858974359,0.1282051282051282,0.015657089578879728,168.72347290368464,585.9375
54.0,56.5,neutral,79.94644087381806,28.978725806404537,7.404995101580512,0.08849690109491348,8.0,1614.8156945701946,2608.1449468085107,2933.4423723174627,0.025895528590425532,0.546785295009613,0.21483536064624786,0.12215670943260193,0.4507574131448912,36.7588141025641,0.1282051282051282,0.014577989113433023,169.31110266956242,585.9375
55.0,57.5,neutral,91.38358592002038,19.158406338749774,4.663254388803938,0.12238415330648422,8.8,1543.0512304205017,2361.2034574468084,2804.7941131309485,0.02670171210106383,0.5341092944145203,0.2549595832824707,0.1178964152932167,0.5190044347045181,38.86217948717949,0.15384615384615385,0.014162627076146916,156.15070832270337,750.0
56.0,58.5,neutral,83.70798500932712,23.75264824634531,5.268615344012846,0.09501290321350098,8.8,1221.9824856585224,1751.529255319149,2586.82505737619,0.016373005319148936,0.5217161774635315,0.2819105386734009,0.11113903671503067,0.7253832839777706,35.256410256410255,0.1282051282051282,0.014577989113433023,172.55499718668503,750.0
57.0,59.5,neutral,81.40739704778505,27.086363710921113,5.877949771884578,0.08959967643022537,6.8,1285.3982253178233,1836.1037234042553,2646.075332940358,0.01780044880319149,0.5168580412864685,0.2748732268810272,0.12106771767139435,0.6669013826537213,33.35336538461539,0.13675213675213677,0.015632469242445844,162.7190781402598,750.0
58.0,60.5,neutral,80.09723812988452,30.544009762122673,7.352228128770834,0.08356785774230957,8.0,1373.6047664328146,1939.9268617021276,2788.3398911858017,0.018716755319148935,0.520200252532959,0.2659569978713989,0.11856889724731445,0.6301844176692089,46.173878205128204,0.1623931623931624,0.011375286823219255,161.68441760913876,867.1875
59.0,61.5,neutral,73.44705308112208,32.75710734207427,9.630475150134954,0.07198110222816467,8.8,1406.8101352500244,2011.7353723404256,2760.4841362820193,0.02092752659574468,0.534389853477478,0.2361188679933548,0.12098710238933563,0.5936686645863648,37.25961538461539,0.1111111111111111,0.013924580170919739,160.36713035360364,843.75
60.0,62.5,neutral,80.27862117765703,33.97646148224952,8.494058094533742,0.06994625926017761,7.2,1657.1983067208482,2504.122340425532,2939.8520159770087,0.027379072473404254,0.48894089460372925,0.2584473788738251,0.1395738273859024,0.36709450020576373,39.66346153846154,0.1111111111111111,0.01313355856728659,158.48658846496377,843.75
61.0,63.5,neutral,95.10421747303936,24.208856257700834,6.5100625107703,0.10120473057031631,7.6,1661.19153290014,2479.288563829787,2851.4182358337257,0.029845412234042554,0.5296636819839478,0.24472418427467346,0.13184426724910736,0.4297756796194322,42.76842948717949,0.1752136752136752,0.01222884472188235,152.2803950993342,632.8125
62.0,64.5,neutral,97.20351191009446,26.858403994418296,8.124591846164613,0.09749285131692886,8.0,1635.8289253080225,2636.0704787234044,2907.2464252897794,0.026057596409574467,0.5154062509536743,0.2606864869594574,0.13196197152137756,0.4247117377874175,41.86698717948718,0.18376068376068377,0.012139249697984064,143.27773253398573,632.8125
63.0,65.5,neutral,86.55422686854334,17.560828398529015,4.778565455458816,0.0886191800236702,7.6,1517.552828119962,2448.271276595745,2899.328914487666,0.020291722074468086,0.5674536228179932,0.21006940305233002,0.13028556108474731,0.5457018826432339,27.744391025641026,0.1282051282051282,0.018343928986163324,124.71079037458357,585.9375
64.0,66.5,neutral,75.16501556868101,25.421337933094723,6.3776074732339,0.06139056384563446,8.4,1475.9148556476473,2207.613031914894,2927.7348104590315,0.0202397772606383,0.5647841691970825,0.2017463892698288,0.12187380343675613,0.5774567156591207,32.95272435897436,0.11538461538461539,0.01583162758304385,144.48568192779948,585.9375
65.0,67.5,neutral,60.30504551730755,19.748084235497988,5.5515344649068705,0.027761520817875862,4.0,1365.5248271531918,2012.8324468085107,2896.9162429911526,0.015629155585106382,0.45175841450691223,0.25190073251724243,0.12960124015808105,0.47334166866920035,27.34375,0.05128205128205128,0.020045381711815375,79.73647820449898,421.875
66.0,68.5,unknown,61.15793919029635,24.86448686646895,5.684218104590557,0.04851052537560463,4.0,1327.4078137969088,1905.718085106383,2860.0156749728385,0.01501205119680851,0.5310272574424744,0.1971471756696701,0.13534119725227356,0.584533349054557,26.642628205128204,0.05982905982905983,0.0206276835908105,107.80571860991944,398.4375
67.0,69.5,stressed,79.73674865805701,30.346628498853462,7.8560525443138385,0.10145170241594315,5.6,1503.2639132495083,2268.251329787234,2942.297766813522,0.02041223404255319,0.6102744936943054,0.16826628148555756,0.1260632872581482,0.6101598688270597,19.731570512820515,0.05982905982905983,0.02680028468113556,165.26445463488224,398.4375
68.0,70.5,stressed,93.08794551068264,22.086832684516022,5.406096298690241,0.13325347006320953,7.6,1484.9775547465931,2231.848404255319,2727.664512176887,0.02464054188829787,0.6043823957443237,0.20244519412517548,0.12011723965406418,0.6324025138620709,28.545673076923077,0.09829059829059829,0.01820952678676097,162.27498012012052,773.4375
69.0,71.5,stressed,97.39062928475924,21.90204874689555,5.034102073574249,0.12653392553329468,8.8,1566.2275616137974,2357.0146276595747,2683.4026983863446,0.02890832779255319,0.5256814360618591,0.2715502977371216,0.13297374546527863,0.4918355042000133,35.35657051282051,0.1282051282051282,0.015295739512899625,155.8122191602047,773.4375
70.0,72.5,stressed,93.3145403611788,26.574294979552818,6.2849145646133575,0.10608728229999542,6.8,1644.3956739740913,2576.130319148936,2912.1270019106846,0.02597448470744681,0.516941487789154,0.2663474678993225,0.14062194526195526,0.43211014356987054,40.16426282051282,0.13675213675213677,0.013526703265203936,160.1627495741401,867.1875
71.0,73.5,stressed,74.98160446671474,26.58111551702445,6.1433277104832795,0.07113423943519592,5.2,1419.6581721800437,2048.038563829787,2904.611985896712,0.01856923204787234,0.5260461568832397,0.24454672634601593,0.1477779746055603,0.5649877956220444,28.946314102564102,0.08547008547008547,0.018618774596959466,179.7636882833303,726.5625
72.0,74.5,stressed,79.9887394458448,37.914278705231425,8.687953552220312,0.06658942252397537,5.6,1553.7958298676708,2345.246010638298,3033.8162328077824,0.02240483710106383,0.5007045269012451,0.26414188742637634,0.13705217838287354,0.46538803752262786,37.25961538461539,0.11965811965811966,0.014102355562448696,167.8348222019845,867.1875
73.0,75.5,stressed,86.89695221930096,34.79959340527965,7.796253835601653,0.10222858190536499,6.4,1404.765020574393,1996.0771276595744,2800.617619281358,0.022039145611702126,0.5500436425209045,0.26631852984428406,0.10982019454240799,0.6691909531817058,32.35176282051282,0.14102564102564102,0.016966431224058835,166.24070388700804,445.3125
74.0,76.5,stressed,87.92314764956899,33.70321262031614,5.341043661747145,0.09380746632814407,6.8,1548.2630278189372,2299.7672872340427,2792.353459576455,0.029091173537234043,0.5972439050674438,0.2210191786289215,0.09451892226934433,0.6226125180660362,31.450320512820515,0.14102564102564102,0.016995436579394858,140.7676675576774,445.3125
75.0,77.5,stressed,79.86979466100614,22.70417164260457,5.769874080245884,0.08334220200777054,6.8,1682.4121200679965,2559.175531914894,2995.191864711294,0.02843459109042553,0.5547342896461487,0.2108662724494934,0.12771277129650116,0.4362430139800996,38.962339743589745,0.1581196581196581,0.013619359364040214,138.2226757642662,445.3125
76.0,78.5,stressed,79.35712427798053,25.289039538424444,7.464951836012111,0.08631303161382675,6.8,1610.9859521781227,2458.344414893617,3085.316275379827,0.021820977393617023,0.5658196806907654,0.19400516152381897,0.142511785030365,0.4833386409143367,35.35657051282051,0.13247863247863248,0.015462271311431214,147.9844165359606,468.75
77.0,79.5,stressed,74.96268756850806,30.257324966225713,7.812669893570946,0.06796201318502426,6.8,2118.1186133956394,3948.271276595745,3749.087340075028,0.024576130319148935,0.5616612434387207,0.16735662519931793,0.14334529638290405,0.140766856884378,32.95272435897436,0.13675213675213677,0.017566013909568953,148.91585098380367,492.1875
78.0,80.5,stressed,75.90546708427838,32.766116871395226,8.486200223934974,0.06542239338159561,6.4,2098.267012871285,4069.747340425532,3763.866048124823,0.023223487367021275,0.45106035470962524,0.2542140483856201,0.1814229041337967,-0.01873459361435685,36.65865384615385,0.1623931623931624,0.01477295692938067,185.48027670707947,843.75
79.0,81.5,stressed,88.60296328159095,32.79307738610811,10.061719638859277,0.09488168358802795,9.6,2034.9677383954497,3862.998670212766,3435.976273067619,0.02717752659574468,0.47580909729003906,0.2591826021671295,0.16698838770389557,0.06989291504232883,48.57772435897436,0.18803418803418803,0.011133243542688881,189.37958430686461,820.3125
80.0,82.5,stressed,92.0512467208407,27.96682331160814,8.307438511601697,0.11803893744945526,8.0,1653.7528354538379,2542.719414893617,2938.012874071551,0.026793134973404256,0.4790165424346924,0.287254273891449,0.15903879702091217,0.36114324769872036,46.57451923076923,0.1623931623931624,0.011414469554780574,188.37186595554252,820.3125
81.0,83.5,stressed,89.73612938393028,37.953240269335375,14.762634489686283,0.0817943885922432,6.8,1756.7395015058046,2847.50664893617,3209.1822365217436,0.026691323138297873,0.4724598824977875,0.2977755069732666,0.14276841282844543,0.3187391134253779,49.87980769230769,0.1794871794871795,0.010877430498821223,190.58901535322994,679.6875
82.0,84.5,stressed,84.73683383205997,34.699847956549675,12.793027013679009,0.08723785728216171,4.8,1703.9136349186297,2804.4215425531916,3268.980008358962,0.02301778590425532,0.5419789552688599,0.22631679475307465,0.1414540410041809,0.4076596739130768,47.17548076923077,0.1282051282051282,0.011533654262625762,186.93682398079616,1523.4375
83.0,85.5,stressed,84.8285152336789,34.03533042027162,12.034828357322633,0.0983172133564949,6.0,1580.2548326309459,2531.848404255319,3027.0763029182995,0.02212641289893617,0.5784860849380493,0.19393092393875122,0.14399182796478271,0.5025333690850323,43.77003205128205,0.1452991452991453,0.012319772110653231,176.31968943720767,1523.4375
84.0,86.5,stressed,78.85122151192233,33.333930222707856,8.376281262410139,0.0816858634352684,5.6,1431.0601367827546,2003.0585106382978,2941.279655165065,0.01861078789893617,0.5637244582176208,0.22082966566085815,0.1334497332572937,0.6293465012899587,36.35817307692308,0.1111111111111111,0.01483911029025427,183.74583823272692,796.875
85.0,87.5,stressed,67.80990286510892,38.15065955670071,9.156543163900489,0.04002595320343971,5.2,1482.2187321765148,2039.0625,3110.8816269018407,0.017386968085106383,0.45607900619506836,0.29549458622932434,0.12961514294147491,0.49887497356301624,37.66025641025641,0.10256410256410256,0.01453535975795195,176.61713463527417,796.875
86.0,88.5,unknown,59.16650513802858,28.182738099572443,7.300454173977855,0.023179614916443825,6.0,1516.8942789906148,2180.3856382978724,3202.1641314917506,0.01647481715425532,0.41589346528053284,0.24816305935382843,0.15487779676914215,0.31640365865988407,31.650641025641026,0.06837606837606838,0.016880006157942162,63.22037037464928,468.75
87.0,89.5,neutral,70.4088627607969,27.96781818681015,5.6067796544606505,0.06415954977273941,5.2,1819.5624741207541,2881.815159574468,3234.549191946716,0.028818982712765957,0.49575552344322205,0.22803813219070435,0.14414799213409424,0.25277451004640605,41.86698717948718,0.12393162393162394,0.012911806267490509,154.115850548562,726.5625
88.0,90.5,neutral,92.0351289256014,38.18708725930039,8.64781439295688,0.11008124053478241,5.6,1919.8956692078077,2881.615691489362,3186.6815151034666,0.035833610372340424,0.5815494656562805,0.18610087037086487,0.12214068323373795,0.340930145384427,43.77003205128205,0.12393162393162394,0.012183882501356305,174.5186162917266,726.5625
89.0,91.5,neutral,95.66086551751486,36.24075849216886,11.083165985772103,0.10282151401042938,6.4,2037.2095041991538,3117.586436170213,3167.824670157855,0.04020736369680851,0.5766754746437073,0.17809340357780457,0.12893415987491608,0.23995184986071405,45.07211538461539,0.1581196581196581,0.01176570838843249,167.81893819321158,726.5625
90.0,92.5,neutral,85.99698609173288,35.79066808833343,5.2916372352124,0.09194314479827881,6.0,1675.2866438653552,2338.563829787234,3170.399754227204,0.024908577127659575,0.6034941673278809,0.18189775943756104,0.11183223873376846,0.5615127141122934,40.56490384615385,0.1581196581196581,0.012616844570492558,170.31420992180946,468.75
91.0,93.5,neutral,81.37926302193105,27.212186051876575,4.525829666232632,0.08388464152812958,5.6,1657.5025880523165,2467.619680851064,3260.837300355512,0.020489112367021278,0.5250400304794312,0.23867183923721313,0.14091132581233978,0.4531764026792257,40.86538461538461,0.1581196581196581,0.012746257838196377,157.30072667818357,492.1875
92.0,94.5,neutral,83.59501290645551,24.508258966106013,3.8085476343048232,0.0997324138879776,6.8,1944.4667670114454,3022.6396276595747,3225.5986708965092,0.033103390957446806,0.4995942711830139,0.23152495920658112,0.15931297838687897,0.18546525338007627,33.5536858974359,0.1282051282051282,0.016192643813958338,160.4704938399867,726.5625
93.0,95.5,neutral,77.3263611312364,23.58094286294556,3.4689728704683445,0.08238369226455688,6.0,1840.7199070833842,2793.4507978723404,3086.889285350275,0.031644780585106384,0.4812949001789093,0.25235071778297424,0.14967095851898193,0.24019046910215433,34.75560897435897,0.13247863247863248,0.015706563641496002,157.00672630593834,726.5625
94.0,96.5,neutral,65.35216607717354,20.641738163183764,4.064786444068682,0.06251706928014755,4.8,1583.881891517343,2363.3976063829787,3035.6108778105563,0.020175365691489363,0.4822426736354828,0.23523108661174774,0.14832627773284912,0.38535846591342604,32.25160256410256,0.11965811965811966,0.01820952678676097,147.04072356816351,726.5625
95.0,97.5,neutral,71.70626434021884,26.23433736057269,4.341682170151479,0.07355333864688873,5.6,1763.579057129524,2806.316489361702,3058.9170988864444,0.02721908244680851,0.4882286489009857,0.21287444233894348,0.1591869592666626,0.233118884511881,30.248397435897434,0.08547008547008547,0.01732116639099002,152.93167483036814,703.125
96.0,98.5,neutral,88.23338973135616,25.258148124754726,4.873333979213161,0.10461436957120895,8.0,1925.9629763251044,3077.692819148936,2997.521936395052,0.035278839760638295,0.4971274733543396,0.2354748398065567,0.1502472311258316,0.1802791268888863,42.868589743589745,0.14957264957264957,0.012274140020017912,173.34356168235928,703.125
97.0,99.5,neutral,92.50880132948468,25.367112238645976,6.376918266065684,0.1042887270450592,7.2,1716.2152334213524,2822.972074468085,2811.1176678861325,0.029722822473404256,0.4966367483139038,0.26547303795814514,0.1449475735425949,0.3221649002751845,47.576121794871796,0.18376068376068377,0.011022150738555057,185.83184842898444,843.75
98.0,100.5,neutral,81.74721237987886,30.774932783458357,9.793843070365504,0.0843195840716362,4.8,1792.0582211282742,2854.3882978723404,2792.6648148406325,0.03673121675531915,0.49124911427497864,0.22475960850715637,0.16198764741420746,0.1913558461080444,50.98157051282051,0.1623931623931624,0.010270594912088336,191.72073994920137,820.3125
99.0,101.5,neutral,75.42711033850817,29.76140945315891,6.3101397105594526,0.09076257050037384,4.8,1693.4470624218427,2620.2127659574467,2773.634654399009,0.03340882646276596,0.4935172498226166,0.22886407375335693,0.1524054855108261,0.27600576209555616,39.96394230769231,0.11538461538461539,0.014223415985318748,197.7490922948156,820.3125
100.0,102.5,neutral,81.18970571045273,38.96832079935393,8.494689937958725,0.09045181423425674,5.6,1426.3564489087319,2297.473404255319,2819.3626755201417,0.018411319813829787,0.5189023613929749,0.2323533147573471,0.13838163018226624,0.5137350059296898,30.348557692307693,0.09401709401709402,0.018110010541502918,172.17498846944457,632.8125
101.0,103.5,neutral,95.69354077229224,35.297694309018325,8.099716044659342,0.1189785748720169,7.2,1446.971779043493,2300.565159574468,2796.9675527376153,0.019556183510638297,0.509157657623291,0.269160658121109,0.13418707251548767,0.5323751141677265,38.561698717948715,0.1282051282051282,0.014642404056511509,165.06348625207994,703.125
102.0,104.5,neutral,97.46869423737222,38.75573813780614,7.09957860688999,0.10124172270298004,6.8,1518.584102965353,2385.1396276595747,2873.564534535835,0.021353474069148937,0.5023486018180847,0.26561179757118225,0.13566580414772034,0.47913891217760574,43.26923076923077,0.1581196581196581,0.012811965165751362,163.2448563360884,703.125
103.0,105.5,neutral,85.79391735414359,27.74363957300492,6.089655441139839,0.09196224063634872,8.0,1433.6495009776716,2056.615691489362,2796.4671567816813,0.021000249335106382,0.5175425410270691,0.25812146067619324,0.12651784718036652,0.569504879377967,47.87660256410256,0.20512820512820512,0.011133243542688881,157.03358576720697,539.0625
104.0,106.5,neutral,74.61217366588303,33.83814780386989,8.0704442153891,0.05977793037891388,7.6,1524.6974000284367,2236.436170212766,2966.771536183284,0.02085480385638298,0.5058966875076294,0.22901980578899384,0.13563987612724304,0.46220924527061036,32.35176282051282,0.11965811965811966,0.017141963784842604,140.5161699750084,703.125
105.0,107.5,neutral,57.45812489574876,18.60803967704275,5.379919556601685,0.03141398727893829,2.8,2142.9162909740253,4653.091755319149,3964.9100209663166,0.023389710771276596,0.38601768016815186,0.2462516874074936,0.14678864181041718,-0.20641953805120283,27.64423076923077,0.09401709401709402,0.01941889174801279,84.42320280717614,562.5
106.0,108.5,unknown,54.152167340272946,10.129344402771443,2.173861547989638,0.03528430312871933,14.8,2694.6838425023166,6713.297872340426,4784.585883941234,0.028129155585106383,0.39200150966644287,0.19968053698539734,0.13480231165885925,-0.6299274284120452,20.13221153846154,0.05982905982905983,0.026234491882648505,59.74760087739378,328.125
107.0,109.5,tired,69.91588398271045,20.48482614815871,2.1280450236551145,0.08057738095521927,12.4,2219.5699102549765,5030.285904255319,4152.722132728012,0.022286402925531915,0.5581139922142029,0.16984961926937103,0.1058332771062851,0.030082515734796186,14.122596153846153,0.042735042735042736,0.03655690443036733,81.05709058779183,351.5625
108.0,110.5,tired,83.55431469490918,24.436988774213106,4.648015019060492,0.09695892035961151,8.4,1867.0877268019417,3778.523936170213,3502.319998368194,0.022571060505319148,0.6148084402084351,0.16202475130558014,0.09708495438098907,0.36837328769431665,20.432692307692307,0.07692307692307693,0.02510809682242487,104.64453914182343,445.3125
109.0,111.5,tired,81.5968184828313,29.150982860322358,7.6563665751036405,0.07574298977851868,6.0,1965.331200579014,3056.9481382978724,2967.2156495142895,0.04118184840425532,0.5213119387626648,0.14786402881145477,0.15835899114608765,0.0806077215286744,24.53926282051282,0.08974358974358974,0.021708748718904314,100.6506746928283,445.3125
110.0,112.5,tired,70.71546521601927,28.48581711467821,6.943045035794679,0.05466816574335098,4.8,1749.1315420309586,2688.530585106383,2680.224541416494,0.036781083776595745,0.47777146100997925,0.14764675498008728,0.17490345239639282,0.08801752517220218,21.634615384615383,0.0641025641025641,0.025299790299484908,97.40294360505195,375.0
111.0,113.5,tired,61.84611456879445,25.531100749592106,5.514208891620323,0.04040626063942909,5.2,1629.7054611626397,2528.557180851064,2442.017970248934,0.03452875664893617,0.3685482144355774,0.2208571881055832,0.1923023760318756,-0.004831844517612788,20.03205128205128,0.05982905982905983,0.027929696279536703,44.31447372615747,304.6875
112.0,114.5,tired,66.48361523561051,17.352333585603333,3.4295337084170825,0.05897241085767746,4.8,1041.9532138247196,1516.8550531914893,2211.0136200009115,0.01328125,0.5269662737846375,0.2684551477432251,0.09581175446510315,0.8158631959821617,17.127403846153847,0.05128205128205128,0.032816034787813704,79.83858055262642,398.4375
113.0,115.5,tired,81.03706747436493,21.75348809403802,5.271049518008618,0.08398261666297913,7.2,1363.2543606810157,2066.3896276595747,2619.909628474265,0.01964552859042553,0.567785918712616,0.22760139405727386,0.09902036935091019,0.6804959223972729,20.93349358974359,0.08547008547008547,0.0255599816253351,89.69667490489205,398.4375
114.0,116.5,tired,80.20744724143334,20.6832902151029,4.849327891675547,0.07290031015872955,8.4,1436.260124277392,2150.565159574468,2778.854603074086,0.019913563829787234,0.5914484262466431,0.1917131245136261,0.10069578140974045,0.6566163315486739,22.536057692307693,0.09401709401709402,0.022494690094612857,86.79933425470357,398.4375
115.0,117.5,tired,72.74899479952447,24.62785469409638,6.476288365158032,0.05478624254465103,8.0,1314.301317415684,1802.2938829787233,2756.070063465366,0.015394365026595745,0.5604135990142822,0.21519231796264648,0.09401636570692062,0.7199227898883638,20.833333333333332,0.06837606837606838,0.024733294411124672,82.68427324459789,445.3125
116.0,118.5,tired,65.47246384886385,26.753949462747634,6.376775056067709,0.04253362864255905,7.2,1194.5352711149917,1653.1914893617022,2623.245100618812,0.012770113031914894,0.49102887511253357,0.24417492747306824,0.10055720806121826,0.6651038995787454,22.93669871794872,0.06837606837606838,0.023616909403052205,91.19662527205581,445.3125
117.0,119.5,tired,66.63066783203134,18.24460817050741,3.617347356868186,0.05899886414408684,6.4,1285.6740868247641,1947.7061170212767,2639.0248265984906,0.016373005319148936,0.5459379553794861,0.2023329883813858,0.10166919976472855,0.6505431884635496,20.93349358974359,0.06837606837606838,0.026028430195213226,88.59482278285145,398.4375
118.0,120.5,tired,68.34217975417275,26.438662315993657,7.641297059638038,0.0595213957130909,6.8,1369.801051922333,2101.595744680851,2746.9146459927574,0.01866273271276596,0.5322762131690979,0.2117076814174652,0.10296133160591125,0.5856669703998402,27.84455128205128,0.0811965811965812,0.01915695030395215,95.39059358708215,445.3125
119.0,121.5,tired,57.88433397950332,11.208021625519986,2.4447624044202074,0.041664060205221176,4.4,1113.0680022957108,1547.872340425532,2519.8760079967337,0.01298828125,0.4891853630542755,0.21879391372203827,0.1013219803571701,0.6585623929554932,19.130608974358974,0.021367521367521368,0.02739102003629604,58.574203111238056,445.3125
120.0,122.5,tired,60.74323932094499,22.544776493630835,4.299269299233182,0.05049412325024605,2.8,1088.8138225422988,1459.3085106382978,2509.591545612643,0.012377410239361702,0.4773460924625397,0.23915790021419525,0.11448264122009277,0.6651356444269654,21.233974358974358,0.06837606837606838,0.024250624479600334,75.21229749752543,421.875
121.0,123.5,tired,72.97925319418229,32.54969972308353,7.352449999628724,0.06560026854276657,4.4,1409.0061646839115,2038.962765957447,2825.5614452176214,0.01769032579787234,0.49681034684181213,0.24048219621181488,0.1268443912267685,0.5302317302402089,24.439102564102566,0.09401709401709402,0.020713642778561827,103.42376933679118,421.875
122.0,124.5,tired,79.09263557147283,32.48247919972237,5.055738561463926,0.08188600093126297,6.8,1475.7918216311948,2098.3045212765956,2865.722496021756,0.020140043218085105,0.5582778453826904,0.2047533094882965,0.1110449731349945,0.5930680434401032,22.93669871794872,0.09829059829059829,0.022596952320915516,120.43545351627712,421.875
123.0,125.5,tired,72.03416712571274,15.853433590787757,3.4647728262504303,0.06371105462312698,7.2,1172.050061832415,1609.8071808510638,2512.6699771242384,0.014972573138297873,0.5683790445327759,0.19977319240570068,0.09464985877275467,0.7713372855152827,25.240384615384617,0.11538461538461539,0.02115441360056291,114.80146459518949,398.4375
124.0,126.5,tired,60.61256824929063,13.287671092938949,2.44334202944247,0.04573724791407585,5.2,944.6226685683113,1262.3337765957447,2252.5706828201,0.011101645611702128,0.5293303728103638,0.21390889585018158,0.08944346755743027,0.8236834692368741,23.838141025641026,0.09829059829059829,0.0218039747803811,55.91282916392539,398.4375
125.0,127.5,tired,54.606785218809925,13.478327087457425,3.801992801166732,0.03395626321434975,6.4,980.9280720909762,1376.9281914893618,2338.2032506228916,0.010902177526595745,0.43280932307243347,0.24012812972068787,0.10185351967811584,0.6291063561442324,19.23076923076923,0.07692307692307693,0.02694556677484406,39.047629016318794,257.8125
126.0,128.5,tired,60.78055762197855,34.113323759073275,4.049337487541671,0.05357154831290245,4.8,1289.0545122563049,1899.2353723404256,2621.882288111161,0.017835771276595743,0.4704710841178894,0.17020665109157562,0.14426836371421814,0.4165276054546585,16.72676282051282,0.03418803418803419,0.032178709226347184,101.44398511383694,398.4375
127.0,129.5,unknown,72.72001861014843,31.388466307147635,3.745664210222335,0.0888894721865654,4.4,1292.7998439319233,1802.1941489361702,2605.611808730416,0.020040309175531915,0.5525557398796082,0.19843299686908722,0.11443047225475311,0.6447648204663022,25.140224358974358,0.08974358974358974,0.021199524602935407,176.27703537845318,632.8125
128.0,130.5,neutral,85.36154887003937,28.323207233381353,4.724999583206236,0.11368748545646667,6.4,1541.658376417772,2303.8563829787236,2733.6490738769817,0.028033577127659574,0.5450384616851807,0.2313927859067917,0.11252528429031372,0.518741373374005,33.854166666666664,0.15384615384615385,0.015486358047256656,184.58586265911958,679.6875
129.0,131.5,neutral,84.84483797059681,20.41601612763139,5.436294153798996,0.09570806473493576,6.4,1493.814502771136,2250.997340425532,2739.7053198264975,0.025099734042553192,0.5045157670974731,0.2865537106990814,0.11515931785106659,0.5321004308625927,36.7588141025641,0.17094017094017094,0.014408954577780525,178.264662254573,679.6875
130.0,132.5,neutral,82.57723231123526,26.332954616966614,8.266810255560765,0.08555583655834198,6.0,1425.6130672414465,2159.1422872340427,2628.8018351260184,0.023273354388297873,0.5365313291549683,0.23688167333602905,0.11783962696790695,0.5680988680512303,36.65865384615385,0.1581196581196581,0.014492978991400627,137.7447366568247,421.875
131.0,133.5,neutral,77.79630794911716,21.58017691947992,7.069499047023336,0.08559972047805786,3.2,1271.7917327203536,1883.1781914893618,2566.0909878619627,0.018176529255319148,0.5628067255020142,0.2286100685596466,0.10611534863710403,0.7131919178816637,39.96394230769231,0.15384615384615385,0.013309389760195356,147.72305265517224,632.8125
132.0,134.5,neutral,83.43465853148363,25.157298240269316,4.818394876208442,0.09637989848852158,5.2,1438.9781093188462,2312.034574468085,2622.691349161603,0.02244847074468085,0.5472355484962463,0.24005566537380219,0.11052243411540985,0.5829731639299613,39.86378205128205,0.14102564102564102,0.012795474905012134,155.93939816574337,656.25
133.0,135.5,neutral,78.46579202402697,29.14722140378133,7.188297270547872,0.0796767845749855,4.0,1700.3098065538077,2855.186170212766,2646.569468085954,0.03336103723404255,0.49469608068466187,0.24951960146427155,0.1283034384250641,0.2967468259438155,43.068910256410255,0.14102564102564102,0.012443133079441795,163.85638486731912,656.25
134.0,136.5,neutral,81.19822883015657,42.481654241745765,9.837864044296857,0.07140116393566132,5.2,1815.827540592912,3105.0199468085107,2692.690248438491,0.03645487034574468,0.48173972964286804,0.24386750161647797,0.13268648087978363,0.1898666271473563,28.846153846153847,0.0811965811965812,0.018618774596959466,165.35368882974083,656.25
135.0,137.5,neutral,76.35862927643804,28.41647182307759,5.8619021795404995,0.0743369534611702,5.2,1283.3932621411632,1940.724734042553,2457.1550685803345,0.02030003324468085,0.5450328588485718,0.22292855381965637,0.12387696653604507,0.6329336053377301,39.26282051282051,0.10256410256410256,0.013656778201906382,164.52169497516812,1664.0625
136.0,138.5,neutral,88.87734375883906,39.15090523536113,8.307590029019513,0.09244664013385773,6.8,1707.8135764761587,2643.251329787234,2661.0238112132033,0.03565492021276596,0.5172334909439087,0.20764973759651184,0.15583652257919312,0.2775664118419726,46.57451923076923,0.14102564102564102,0.011284898275481077,194.64498029098644,1664.0625
137.0,139.5,neutral,85.96698034311814,43.3973540233924,11.761480231837506,0.0789920762181282,8.0,1810.6229483505958,2899.468085106383,2739.0766674801826,0.038565907579787236,0.505732536315918,0.18239276111125946,0.16929300129413605,0.14365574646385806,38.76201923076923,0.14957264957264957,0.013983338522072146,150.89750750583872,726.5625
138.0,140.5,neutral,83.88309713532217,45.76047215588654,16.20499992648798,0.0740770697593689,6.4,1770.173512630225,2851.994680851064,2720.6176198196454,0.03563206449468085,0.4890091121196747,0.186077281832695,0.17859721183776855,0.13401939049498252,38.66185897435897,0.13247863247863248,0.013924580170919739,159.5126209935268,726.5625
139.0,141.5,neutral,87.14739192993024,43.99341962437671,12.768790148957253,0.07982044667005539,6.8,1606.8377629614583,2451.363031914894,2685.6701120143052,0.02965009973404255,0.5268579125404358,0.2035493552684784,0.1417533904314041,0.38018323071977544,38.361378205128204,0.14102564102564102,0.01308171157071774,145.61457116089295,726.5625
140.0,142.5,neutral,86.54157042320342,34.16526995866403,7.374649585761568,0.09140701591968536,7.2,1719.9867845398567,2684.840425531915,2753.3212110494314,0.03170711436170213,0.4929666519165039,0.2381485551595688,0.14735087752342224,0.2862227105930968,48.77804487179487,0.1794871794871795,0.010291860375233278,139.65308943959587,726.5625
141.0,143.5,neutral,80.98792950887133,41.44749968558265,8.762834063762757,0.0674114003777504,5.6,1843.357102319578,3023.4375,2679.833747013888,0.03610995678191489,0.4298992156982422,0.25681746006011963,0.15700991451740265,0.08381857707773507,30.74919871794872,0.09829059829059829,0.016515452225687555,130.99617545600003,562.5
142.0,144.5,neutral,71.28429640895972,35.950844897252985,8.017111511405654,0.06352987885475159,7.2,1613.2933045646078,2526.961436170213,2522.706246404015,0.031231299867021278,0.4271082580089569,0.2631143033504486,0.14920669794082642,0.2260616423283212,24.338942307692307,0.07264957264957266,0.0215207703142679,117.20129219425996,515.625
143.0,145.5,neutral,78.51391070618631,43.234006456281044,7.428225955949943,0.06367508322000504,8.0,1593.278686318288,2461.436170212766,2610.9407669431494,0.029787234042553193,0.45875731110572815,0.22650180757045746,0.1653350442647934,0.24871031827819257,32.35176282051282,0.1111111111111111,0.016087827107643445,131.8981864366457,445.3125
144.0,146.5,neutral,93.62659286892173,40.13267767548449,11.26316678613049,0.08763041347265244,8.0,1842.9540231484496,2804.222074468085,2824.633100259616,0.03795295877659575,0.4822654724121094,0.23295064270496368,0.16116009652614594,0.17402826172284985,35.55689102564103,0.14102564102564102,0.015132756654069568,144.04627506220768,679.6875
145.0,147.5,neutral,99.36390572220608,38.889305542509476,7.5895344160832146,0.08880621194839478,9.2,1669.5842690604006,2540.126329787234,2754.874490575947,0.03289353390957447,0.5509374737739563,0.21210229396820068,0.13073202967643738,0.4097653560499593,34.95592948717949,0.13675213675213677,0.014325898827182316,148.90275852907084,679.6875
146.0,148.5,neutral,92.8372443329748,30.886104008768623,4.3646930329773905,0.08988120406866074,7.2,1326.427968040856,2002.4601063829787,2610.807977691656,0.020482878989361703,0.6100190877914429,0.1868988573551178,0.11176125705242157,0.7145480455037535,35.15625,0.14102564102564102,0.014346572870045758,141.36518644650857,679.6875
147.0,149.5,neutral,70.47740463640103,20.191820830080093,4.140056285071345,0.05091286450624466,4.4,1290.1316477552484,1916.3896276595744,2784.0427744876724,0.015377742686170212,0.5965457558631897,0.1774185746908188,0.10969056934118271,0.7218394855748317,33.75400641025641,0.13675213675213677,0.015607926214031226,138.42301870202454,445.3125
148.0,150.5,unknown,59.994541353145955,18.368242018360384,3.7438087465732166,0.030836835503578186,2.0,1373.3368648659252,2023.1050531914893,2935.541638420527,0.015174119015957447,0.4919324815273285,0.20628134906291962,0.14059121906757355,0.48738526316067865,23.73798076923077,0.0811965811965812,0.022243038609094108,82.31557524874019,375.0
149.0,151.5,stressed,71.46420881218052,30.04459157743137,4.57106970903013,0.07859581708908081,2.0,1380.3475008447294,2063.896276595745,2923.6302474612667,0.015934591090425533,0.5363597869873047,0.22227510809898376,0.14199677109718323,0.583723442400665,33.95432692307692,0.08547008547008547,0.015510519943582983,149.14871772025086,468.75
150.0,152.5,stressed,92.26357916007521,32.461109272802275,7.987288463285302,0.1187194362282753,5.6,1616.7451309204378,2575.93085106383,2956.5641936687157,0.02377202460106383,0.5377989411354065,0.21667228639125824,0.14842547476291656,0.42297864560502096,44.270833333333336,0.1581196581196581,0.01176570838843249,151.18226874596363,468.75
151.0,153.5,stressed,91.33907843268098,26.20492700843942,7.027275676580648,0.10874620825052261,6.0,1546.746954487767,2436.7021276595747,2689.855980101507,0.026153174867021275,0.5213663578033447,0.24339964985847473,0.1378931850194931,0.4522160792272594,59.294871794871796,0.2094017094017094,0.009062775766798833,186.0930334892469,984.375
152.0,154.5,stressed,86.7767456535545,26.302604944877814,6.455704807364917,0.10081169754266739,6.0,1387.5623278506014,2040.9574468085107,2468.397069503943,0.02402135970744681,0.5133481025695801,0.2723977863788605,0.12132672220468521,0.5795078816306894,47.576121794871796,0.18803418803418803,0.011669035113528943,197.19960063873827,984.375
153.0,155.5,stressed,89.17214889151015,44.46820726373074,10.835932928204825,0.08578113466501236,6.0,2100.5867014998425,3459.873670212766,2838.0972694334623,0.0485102227393617,0.5152277946472168,0.2015410214662552,0.15119142830371857,0.025960723976848482,41.26602564102564,0.15384615384615385,0.012878353450003108,171.14588368905174,843.75
154.0,156.5,stressed,80.42239782669358,41.77395771115621,7.68971590840284,0.07069244980812073,3.2,2076.981236805948,3246.24335106383,3146.5710410447246,0.042964594414893614,0.48532047867774963,0.2209053635597229,0.15145091712474823,0.048276838183782006,45.77323717948718,0.16666666666666666,0.011628088321069985,168.6600857295697,820.3125
155.0,157.5,stressed,78.91276821808798,44.528552087921156,8.606438260430922,0.0776650682091713,4.0,2032.1114101212056,3159.175531914894,3135.3186263287466,0.04315575132978723,0.43728435039520264,0.26476943492889404,0.15766222774982452,0.01753181479271465,36.15785256410256,0.11965811965811966,0.015681787589177546,186.16752942595073,679.6875
156.0,158.5,stressed,84.97872418587292,35.242872681555085,7.0807886253940815,0.09588737040758133,4.0,1616.6543250308687,2606.5492021276596,3026.6583502764443,0.022132646276595745,0.49538177251815796,0.2650053799152374,0.1428000032901764,0.40615725098931454,28.44551282051282,0.09829059829059829,0.019268340586526635,188.03848025080015,679.6875
157.0,159.5,stressed,93.57864231265489,26.134386917287518,7.603886740582962,0.11511323601007462,7.2,1808.822397645085,3028.0252659574467,2898.409089164391,0.03148479055851064,0.5529809594154358,0.22090542316436768,0.13018399477005005,0.3431728412918119,31.650641025641026,0.11965811965811966,0.01844603989055086,160.20578243553166,703.125
158.0,160.5,stressed,87.6587248663034,28.296329123609578,6.819280285164051,0.1017506867647171,8.0,1583.8103374573736,2498.936170212766,2574.1418140060496,0.030026180186170214,0.5689522624015808,0.21442294120788574,0.12863905727863312,0.4873130072750698,34.25480769230769,0.11965811965811966,0.016325601152601454,152.44360638553962,656.25
159.0,161.5,stressed,80.2507014170459,29.906486419143505,7.716790900190921,0.07821297645568848,6.4,1641.2463485189076,2694.5146276595747,2689.224287024056,0.029346742021276597,0.582091212272644,0.16520562767982483,0.14674459397792816,0.40388727551553844,43.87019230769231,0.18803418803418803,0.012412061807273441,151.7496637772655,656.25
160.0,162.5,stressed,71.64776917968501,28.508738193714702,8.343852677158537,0.07305609434843063,4.8,1248.5695506152076,1981.216755319149,2496.193953053181,0.016632729388297872,0.600768506526947,0.17013531923294067,0.1392461359500885,0.6859236087039098,36.7588141025641,0.1282051282051282,0.01501845077912242,158.15140063157608,492.1875
161.0,163.5,stressed,75.1723258963704,27.34262949408271,6.617620561734291,0.08742012828588486,4.8,1141.885143566966,1649.7007978723404,2383.1586013751826,0.016807263962765957,0.5607288479804993,0.2285652607679367,0.13824181258678436,0.7388682480344727,38.16105769230769,0.1452991452991453,0.015041173598867068,202.4496905401626,750.0
162.0,164.5,stressed,82.46252971228337,29.51659640954641,9.934464746306878,0.09919735789299011,6.4,1335.124784360774,1983.5106382978724,2501.388423894,0.02297623005319149,0.5658377408981323,0.22725233435630798,0.13780686259269714,0.6367264835057909,57.69230769230769,0.15384615384615385,0.009256868159154566,221.0909600135972,1921.875
163.0,165.5,stressed,82.57518506817466,29.74181022682215,6.606458837513369,0.08996148407459259,7.2,1397.8753878417147,2046.841755319149,2425.6624448544435,0.0264399102393617,0.49284103512763977,0.28574246168136597,0.14954350888729095,0.5113996672055828,81.63060897435898,0.23076923076923078,0.006540603321531708,241.01560422135708,1898.4375
164.0,166.5,stressed,78.11235388611881,33.45813568287745,7.542379670941428,0.07662496715784073,5.6,1644.3218359253976,2814.8936170212764,2919.0133681240095,0.02675989029255319,0.4720419943332672,0.27726686000823975,0.1674381047487259,0.2948405951521912,43.068910256410255,0.16666666666666666,0.012584900819638927,191.2309176830094,726.5625
165.0,167.5,stressed,83.89350289960643,35.70094685262775,8.92454916481712,0.08931552618741989,5.2,1667.458616390646,2916.223404255319,3083.1539528940516,0.023094664228723406,0.4964194595813751,0.24860815703868866,0.17611849308013916,0.30155724457537647,48.27724358974359,0.14957264957264957,0.011233889704176245,182.97090131451586,1476.5625
166.0,168.5,stressed,89.47354442778489,33.662907679437836,6.486692851231472,0.11123845726251602,6.8,1852.2885874527576,3300.0997340425533,3189.423012094217,0.027165059840425533,0.48057135939598083,0.26768213510513306,0.17601735889911652,0.1875484385710065,56.69070512820513,0.14957264957264957,0.009642967074751102,211.3721802004655,1453.125
167.0,169.5,stressed,90.31459915087157,35.57512179962316,10.508396125709332,0.09863452613353729,8.8,2342.359575517564,4024.468085106383,3247.472367882064,0.04956366356382979,0.4416423738002777,0.26733171939849854,0.17125757038593292,-0.186523503068139,52.78445512820513,0.17094017094017094,0.010022098081069311,214.769659459104,820.3125
168.0,170.5,stressed,90.95831854495411,46.311887724004514,12.519671036379131,0.08974572271108627,8.4,2361.941315681728,4038.8297872340427,3228.5331178325387,0.05092046210106383,0.44086992740631104,0.26395732164382935,0.1706657111644745,-0.20402136742517735,60.1963141025641,0.19658119658119658,0.009343873597040439,224.06033448317208,914.0625
169.0,171.5,stressed,76.40306428679224,33.86163753783717,8.283421593850521,0.07707616686820984,6.0,1974.1114962132112,3474.434840425532,3272.6741074441625,0.032072805851063826,0.4883114993572235,0.23678699135780334,0.16078686714172363,0.11048983765093462,55.28846153846154,0.1752136752136752,0.00972789044641832,196.41342896756564,914.0625
170.0,172.5,stressed,65.98343319401084,33.231679384447354,8.938620354266133,0.03166068717837334,4.8,1953.6847308545555,3960.438829787234,3683.9999502331593,0.021708776595744682,0.43848419189453125,0.25050097703933716,0.1542879194021225,0.028945953961105775,35.75721153846154,0.13247863247863248,0.015534757352757337,109.42983492533412,468.75
171.0,173.5,stressed,54.905817025962335,16.21736867763756,6.375516422094837,0.022110046818852425,12.0,1957.8978646995322,3811.336436170213,3853.1484907328313,0.020351978058510637,0.40545716881752014,0.2269338071346283,0.13950394093990326,-0.026025552497045204,26.642628205128204,0.07264957264957266,0.020415874876097327,43.51811262890983,398.4375
